player_name,slump_id,slump_length,games_to_recover,slump_avg_fga,recovery_fga,pct_change_fga
Aaron Wiggins,Aaron Wiggins_3,1,1.0,8.0,10.0,0.25
Aaron Wiggins,Aaron Wiggins_8,2,2.0,8.5,6.0,-0.29411764705882354
Aaron Wiggins,Aaron Wiggins_11,1,1.0,11.0,5.0,-0.5454545454545454
Aaron Wiggins,Aaron Wiggins_13,4,4.0,7.75,5.0,-0.3548387096774194
Aaron Wiggins,Aaron Wiggins_18,2,2.0,10.5,11.0,0.047619047619047616
Aaron Wiggins,Aaron Wiggins_22,1,1.0,5.0,2.0,-0.6
Aaron Wiggins,Aaron Wiggins_27,2,2.0,6.0,10.0,0.6666666666666666
Aaron Wiggins,Aaron Wiggins_39,1,1.0,8.0,8.0,0.0
Aaron Wiggins,Aaron Wiggins_43,3,3.0,7.333333333333333,30.0,3.0909090909090913
Aaron Wiggins,Aaron Wiggins_52,1,1.0,14.0,8.0,-0.42857142857142855
Aaron Wiggins,Aaron Wiggins_60,1,1.0,9.0,9.0,0.0
Aaron Wiggins,Aaron Wiggins_63,4,4.0,7.5,18.0,1.4
Aaron Wiggins,Aaron Wiggins_71,3,3.0,8.666666666666666,24.0,1.7692307692307694
Alex Sarr,Alex Sarr_0,4,4.0,9.25,11.0,0.1891891891891892
Alex Sarr,Alex Sarr_5,5,5.0,10.8,13.0,0.20370370370370364
Alex Sarr,Alex Sarr_11,4,4.0,10.75,11.0,0.023255813953488372
Alex Sarr,Alex Sarr_17,3,3.0,9.333333333333334,10.0,0.07142857142857136
Alex Sarr,Alex Sarr_21,2,2.0,15.5,7.0,-0.5483870967741935
Alex Sarr,Alex Sarr_30,2,2.0,13.0,7.0,-0.46153846153846156
Alex Sarr,Alex Sarr_44,1,1.0,12.0,12.0,0.0
Alex Sarr,Alex Sarr_46,3,3.0,14.666666666666666,12.0,-0.1818181818181818
Alex Sarr,Alex Sarr_54,2,2.0,14.5,17.0,0.1724137931034483
Alex Sarr,Alex Sarr_59,1,1.0,17.0,9.0,-0.47058823529411764
Alex Sarr,Alex Sarr_61,5,5.0,15.8,6.0,-0.620253164556962
Alperen Şengün,Alperen Şengün_2,4,4.0,12.0,15.0,0.25
Alperen Şengün,Alperen Şengün_8,1,1.0,12.0,17.0,0.4166666666666667
Alperen Şengün,Alperen Şengün_11,1,1.0,14.0,9.0,-0.35714285714285715
Alperen Şengün,Alperen Şengün_14,1,1.0,21.0,19.0,-0.09523809523809523
Alperen Şengün,Alperen Şengün_18,1,1.0,23.0,11.0,-0.5217391304347826
Alperen Şengün,Alperen Şengün_25,1,1.0,16.0,14.0,-0.125
Alperen Şengün,Alperen Şengün_29,1,1.0,11.0,25.0,1.2727272727272727
Alperen Şengün,Alperen Şengün_33,3,3.0,17.333333333333332,20.0,0.15384615384615394
Alperen Şengün,Alperen Şengün_37,8,8.0,15.75,12.0,-0.23809523809523808
Alperen Şengün,Alperen Şengün_49,7,7.0,13.0,16.0,0.23076923076923078
Alperen Şengün,Alperen Şengün_62,7,7.0,15.714285714285714,19.0,0.20909090909090916
Amen Thompson,Amen Thompson_0,1,1.0,11.0,4.0,-0.6363636363636364
Amen Thompson,Amen Thompson_2,1,1.0,3.0,5.0,0.6666666666666666
Amen Thompson,Amen Thompson_8,1,1.0,12.0,5.0,-0.5833333333333334
Amen Thompson,Amen Thompson_16,1,1.0,8.0,11.0,0.375
Amen Thompson,Amen Thompson_20,3,3.0,9.666666666666666,14.0,0.4482758620689656
Amen Thompson,Amen Thompson_26,1,1.0,3.0,7.0,1.3333333333333333
Amen Thompson,Amen Thompson_29,1,1.0,8.0,12.0,0.5
Amen Thompson,Amen Thompson_31,2,2.0,11.5,8.0,-0.30434782608695654
Amen Thompson,Amen Thompson_36,1,1.0,8.0,12.0,0.5
Amen Thompson,Amen Thompson_39,1,1.0,15.0,13.0,-0.13333333333333333
Amen Thompson,Amen Thompson_44,1,1.0,16.0,17.0,0.0625
Amen Thompson,Amen Thompson_46,1,1.0,6.0,10.0,0.6666666666666666
Amen Thompson,Amen Thompson_49,3,3.0,9.0,9.0,0.0
Amen Thompson,Amen Thompson_54,1,1.0,8.0,15.0,0.875
Amen Thompson,Amen Thompson_56,2,2.0,11.5,13.0,0.13043478260869565
Amen Thompson,Amen Thompson_61,1,1.0,11.0,11.0,0.0
Amen Thompson,Amen Thompson_67,1,1.0,14.0,9.0,-0.35714285714285715
Andrew Wiggins,Andrew Wiggins_1,1,1.0,10.0,15.0,0.5
Andrew Wiggins,Andrew Wiggins_4,6,6.0,11.333333333333334,12.0,0.05882352941176465
Andrew Wiggins,Andrew Wiggins_15,2,2.0,16.5,7.0,-0.5757575757575758
Andrew Wiggins,Andrew Wiggins_22,5,5.0,13.8,9.0,-0.3478260869565218
Andrew Wiggins,Andrew Wiggins_31,1,1.0,10.0,13.0,0.3
Andrew Wiggins,Andrew Wiggins_35,2,2.0,15.5,11.0,-0.2903225806451613
Andrew Wiggins,Andrew Wiggins_39,1,1.0,17.0,17.0,0.0
Andrew Wiggins,Andrew Wiggins_41,1,1.0,20.0,14.0,-0.3
Andrew Wiggins,Andrew Wiggins_43,4,4.0,15.75,14.0,-0.1111111111111111
Andrew Wiggins,Andrew Wiggins_53,1,1.0,8.0,13.0,0.625
Andrew Wiggins,Andrew Wiggins_56,2,2.0,14.0,10.0,-0.2857142857142857
Anfernee Simons,Anfernee Simons_3,4,4.0,17.25,17.0,-0.014492753623188406
Anfernee Simons,Anfernee Simons_9,4,4.0,8.5,20.0,1.3529411764705883
Anfernee Simons,Anfernee Simons_14,1,1.0,14.0,21.0,0.5
Anfernee Simons,Anfernee Simons_18,3,3.0,13.0,15.0,0.15384615384615385
Anfernee Simons,Anfernee Simons_24,4,4.0,16.0,18.0,0.125
Anfernee Simons,Anfernee Simons_35,3,3.0,11.333333333333334,20.0,0.7647058823529411
Anfernee Simons,Anfernee Simons_43,3,3.0,13.333333333333334,16.0,0.19999999999999996
Anfernee Simons,Anfernee Simons_51,1,1.0,13.0,16.0,0.23076923076923078
Anfernee Simons,Anfernee Simons_59,1,1.0,16.0,26.0,0.625
Anfernee Simons,Anfernee Simons_62,1,1.0,11.0,15.0,0.36363636363636365
Anthony Davis,Anthony Davis_14,2,2.0,19.0,14.0,-0.2631578947368421
Anthony Davis,Anthony Davis_19,2,2.0,14.0,27.0,0.9285714285714286
Anthony Davis,Anthony Davis_23,1,1.0,21.0,22.0,0.047619047619047616
Anthony Davis,Anthony Davis_25,4,4.0,11.75,16.0,0.3617021276595745
Anthony Davis,Anthony Davis_31,1,1.0,17.0,18.0,0.058823529411764705
Anthony Davis,Anthony Davis_33,1,1.0,18.0,18.0,0.0
Anthony Davis,Anthony Davis_35,2,2.0,17.5,22.0,0.2571428571428571
Anthony Davis,Anthony Davis_44,3,3.0,17.333333333333332,23.0,0.32692307692307704
Anthony Davis,Anthony Davis_49,1,1.0,13.0,18.0,0.38461538461538464
Anthony Edwards,Anthony Edwards_0,1,1.0,25.0,24.0,-0.04
Anthony Edwards,Anthony Edwards_9,1,1.0,24.0,19.0,-0.20833333333333334
Anthony Edwards,Anthony Edwards_11,1,1.0,25.0,27.0,0.08
Anthony Edwards,Anthony Edwards_17,4,4.0,18.0,18.0,0.0
Anthony Edwards,Anthony Edwards_23,6,6.0,20.166666666666668,17.0,-0.1570247933884298
Anthony Edwards,Anthony Edwards_30,1,1.0,20.0,12.0,-0.4
Anthony Edwards,Anthony Edwards_32,1,1.0,16.0,31.0,0.9375
Anthony Edwards,Anthony Edwards_36,2,2.0,16.0,25.0,0.5625
Anthony Edwards,Anthony Edwards_43,1,1.0,19.0,23.0,0.21052631578947367
Anthony Edwards,Anthony Edwards_45,1,1.0,20.0,20.0,0.0
Anthony Edwards,Anthony Edwards_48,1,1.0,21.0,28.0,0.3333333333333333
Anthony Edwards,Anthony Edwards_52,5,5.0,23.8,12.0,-0.4957983193277311
Anthony Edwards,Anthony Edwards_69,2,2.0,19.0,19.0,0.0
Anthony Edwards,Anthony Edwards_75,1,1.0,27.0,19.0,-0.2962962962962963
Anthony Edwards,Anthony Edwards_77,1,1.0,11.0,31.0,1.8181818181818181
Austin Reaves,Austin Reaves_0,1,1.0,14.0,12.0,-0.14285714285714285
Austin Reaves,Austin Reaves_4,4,4.0,13.25,13.0,-0.018867924528301886
Austin Reaves,Austin Reaves_10,1,1.0,14.0,12.0,-0.14285714285714285
Austin Reaves,Austin Reaves_12,3,3.0,13.666666666666666,13.0,-0.04878048780487801
Austin Reaves,Austin Reaves_22,1,1.0,14.0,9.0,-0.35714285714285715
Austin Reaves,Austin Reaves_27,2,2.0,16.5,13.0,-0.21212121212121213
Austin Reaves,Austin Reaves_30,2,2.0,13.5,9.0,-0.3333333333333333
Austin Reaves,Austin Reaves_35,1,1.0,15.0,13.0,-0.13333333333333333
Austin Reaves,Austin Reaves_38,1,1.0,14.0,10.0,-0.2857142857142857
Austin Reaves,Austin Reaves_43,1,1.0,17.0,26.0,0.5294117647058824
Austin Reaves,Austin Reaves_46,2,2.0,12.0,21.0,0.75
Austin Reaves,Austin Reaves_53,1,1.0,13.0,12.0,-0.07692307692307693
Austin Reaves,Austin Reaves_55,1,1.0,14.0,17.0,0.21428571428571427
Austin Reaves,Austin Reaves_62,1,1.0,16.0,16.0,0.0
Austin Reaves,Austin Reaves_66,1,1.0,11.0,20.0,0.8181818181818182
Austin Reaves,Austin Reaves_71,1,1.0,10.0,15.0,0.5
Bam Adebayo,Bam Adebayo_0,4,4.0,9.5,24.0,1.5263157894736843
Bam Adebayo,Bam Adebayo_5,4,4.0,16.25,13.0,-0.2
Bam Adebayo,Bam Adebayo_12,2,2.0,14.0,9.0,-0.35714285714285715
Bam Adebayo,Bam Adebayo_15,4,4.0,13.75,8.0,-0.41818181818181815
Bam Adebayo,Bam Adebayo_27,3,3.0,13.0,14.0,0.07692307692307693
Bam Adebayo,Bam Adebayo_32,2,2.0,12.5,14.0,0.12
Bam Adebayo,Bam Adebayo_39,4,4.0,11.0,15.0,0.36363636363636365
Bam Adebayo,Bam Adebayo_53,1,1.0,13.0,12.0,-0.07692307692307693
Bam Adebayo,Bam Adebayo_62,7,7.0,12.571428571428571,18.0,0.4318181818181818
Bam Adebayo,Bam Adebayo_71,1,1.0,14.0,19.0,0.35714285714285715
Bam Adebayo,Bam Adebayo_74,3,3.0,22.0,12.0,-0.45454545454545453
Bennedict Mathurin,Bennedict Mathurin_2,1,1.0,6.0,1.0,-0.8333333333333334
Bennedict Mathurin,Bennedict Mathurin_11,1,1.0,11.0,10.0,-0.09090909090909091
Bennedict Mathurin,Bennedict Mathurin_15,3,3.0,14.0,16.0,0.14285714285714285
Bennedict Mathurin,Bennedict Mathurin_21,11,11.0,12.454545454545455,8.0,-0.35766423357664234
Bennedict Mathurin,Bennedict Mathurin_34,1,1.0,12.0,10.0,-0.16666666666666666
Bennedict Mathurin,Bennedict Mathurin_37,1,1.0,12.0,18.0,0.5
Bennedict Mathurin,Bennedict Mathurin_39,1,1.0,15.0,12.0,-0.2
Bennedict Mathurin,Bennedict Mathurin_45,2,2.0,10.0,13.0,0.3
Bennedict Mathurin,Bennedict Mathurin_54,1,1.0,9.0,20.0,1.2222222222222223
Bennedict Mathurin,Bennedict Mathurin_56,1,1.0,9.0,12.0,0.3333333333333333
Bennedict Mathurin,Bennedict Mathurin_58,1,1.0,7.0,3.0,-0.5714285714285714
Bradley Beal,Bradley Beal_5,2,2.0,13.0,18.0,0.38461538461538464
Bradley Beal,Bradley Beal_13,1,1.0,18.0,12.0,-0.3333333333333333
Bradley Beal,Bradley Beal_19,1,1.0,18.0,24.0,0.3333333333333333
Bradley Beal,Bradley Beal_21,2,2.0,8.5,15.0,0.7647058823529411
Bradley Beal,Bradley Beal_24,1,1.0,13.0,16.0,0.23076923076923078
Bradley Beal,Bradley Beal_28,1,1.0,9.0,4.0,-0.5555555555555556
Bradley Beal,Bradley Beal_42,2,2.0,8.5,10.0,0.17647058823529413
Bradley Beal,Bradley Beal_49,2,2.0,13.5,17.0,0.25925925925925924
Brook Lopez,Brook Lopez_0,2,2.0,10.5,9.0,-0.14285714285714285
Brook Lopez,Brook Lopez_3,1,1.0,14.0,8.0,-0.42857142857142855
Brook Lopez,Brook Lopez_5,3,3.0,7.0,5.0,-0.2857142857142857
Brook Lopez,Brook Lopez_9,2,2.0,10.0,17.0,0.7
Brook Lopez,Brook Lopez_12,1,1.0,7.0,15.0,1.1428571428571428
Brook Lopez,Brook Lopez_19,5,5.0,5.4,10.0,0.8518518518518517
Brook Lopez,Brook Lopez_26,1,1.0,14.0,12.0,-0.14285714285714285
Brook Lopez,Brook Lopez_29,1,1.0,22.0,11.0,-0.5
Brook Lopez,Brook Lopez_32,1,1.0,9.0,10.0,0.1111111111111111
Brook Lopez,Brook Lopez_36,1,1.0,7.0,15.0,1.1428571428571428
Brook Lopez,Brook Lopez_41,1,1.0,11.0,10.0,-0.09090909090909091
Brook Lopez,Brook Lopez_44,3,3.0,11.666666666666666,8.0,-0.3142857142857142
Brook Lopez,Brook Lopez_48,2,2.0,14.5,4.0,-0.7241379310344828
Brook Lopez,Brook Lopez_55,2,2.0,13.0,10.0,-0.23076923076923078
Brook Lopez,Brook Lopez_58,1,1.0,14.0,1.0,-0.9285714285714286
Brook Lopez,Brook Lopez_65,1,1.0,8.0,10.0,0.25
Brook Lopez,Brook Lopez_72,1,1.0,4.0,13.0,2.25
Brook Lopez,Brook Lopez_78,1,1.0,5.0,11.0,1.2
Bub Carrington,Bub Carrington_0,2,2.0,7.0,5.0,-0.2857142857142857
Bub Carrington,Bub Carrington_4,1,1.0,9.0,12.0,0.3333333333333333
Bub Carrington,Bub Carrington_10,1,1.0,8.0,7.0,-0.125
Bub Carrington,Bub Carrington_13,10,10.0,8.6,9.0,0.046511627906976785
Bub Carrington,Bub Carrington_24,1,1.0,4.0,6.0,0.5
Bub Carrington,Bub Carrington_35,4,4.0,8.0,8.0,0.0
Bub Carrington,Bub Carrington_41,2,2.0,10.5,9.0,-0.14285714285714285
Bub Carrington,Bub Carrington_45,4,4.0,4.75,8.0,0.6842105263157895
Bub Carrington,Bub Carrington_56,7,7.0,10.0,11.0,0.1
Bub Carrington,Bub Carrington_65,2,2.0,9.5,5.0,-0.47368421052631576
Bub Carrington,Bub Carrington_68,5,5.0,10.2,4.0,-0.6078431372549019
Bub Carrington,Bub Carrington_74,1,1.0,11.0,13.0,0.18181818181818182
Bub Carrington,Bub Carrington_78,1,1.0,19.0,6.0,-0.6842105263157895
Buddy Hield,Buddy Hield_2,1,1.0,14.0,18.0,0.2857142857142857
Buddy Hield,Buddy Hield_8,3,3.0,8.333333333333334,15.0,0.7999999999999998
Buddy Hield,Buddy Hield_16,1,1.0,12.0,8.0,-0.3333333333333333
Buddy Hield,Buddy Hield_19,3,3.0,6.666666666666667,18.0,1.6999999999999997
Buddy Hield,Buddy Hield_24,1,1.0,11.0,6.0,-0.45454545454545453
Buddy Hield,Buddy Hield_28,5,5.0,6.8,9.0,0.3235294117647059
Buddy Hield,Buddy Hield_35,1,1.0,12.0,15.0,0.25
Buddy Hield,Buddy Hield_37,2,2.0,16.0,11.0,-0.3125
Buddy Hield,Buddy Hield_40,2,2.0,6.0,12.0,1.0
Buddy Hield,Buddy Hield_43,4,4.0,7.25,7.0,-0.034482758620689655
Buddy Hield,Buddy Hield_48,1,1.0,4.0,14.0,2.5
Buddy Hield,Buddy Hield_53,2,2.0,7.0,11.0,0.5714285714285714
Buddy Hield,Buddy Hield_56,1,1.0,4.0,11.0,1.75
Buddy Hield,Buddy Hield_58,2,2.0,7.0,14.0,1.0
Buddy Hield,Buddy Hield_62,2,2.0,7.5,10.0,0.3333333333333333
Buddy Hield,Buddy Hield_66,2,2.0,5.5,7.0,0.2727272727272727
Buddy Hield,Buddy Hield_75,2,2.0,4.5,14.0,2.111111111111111
CJ McCollum,CJ McCollum_5,1,1.0,20.0,19.0,-0.05
CJ McCollum,CJ McCollum_7,2,2.0,21.0,18.0,-0.14285714285714285
CJ McCollum,CJ McCollum_10,2,2.0,18.5,24.0,0.2972972972972973
CJ McCollum,CJ McCollum_13,5,5.0,16.2,22.0,0.3580246913580247
CJ McCollum,CJ McCollum_23,1,1.0,14.0,17.0,0.21428571428571427
CJ McCollum,CJ McCollum_26,3,3.0,14.0,16.0,0.14285714285714285
CJ McCollum,CJ McCollum_32,4,4.0,18.5,22.0,0.1891891891891892
CJ McCollum,CJ McCollum_39,1,1.0,17.0,25.0,0.47058823529411764
CJ McCollum,CJ McCollum_41,4,4.0,14.75,18.0,0.22033898305084745
CJ McCollum,CJ McCollum_46,2,2.0,13.0,13.0,0.0
CJ McCollum,CJ McCollum_50,5,5.0,16.0,28.0,0.75
Cade Cunningham,Cade Cunningham_2,1,1.0,22.0,18.0,-0.18181818181818182
Cade Cunningham,Cade Cunningham_7,7,7.0,21.142857142857142,15.0,-0.2905405405405405
Cade Cunningham,Cade Cunningham_16,1,1.0,26.0,19.0,-0.2692307692307692
Cade Cunningham,Cade Cunningham_21,2,2.0,19.5,23.0,0.1794871794871795
Cade Cunningham,Cade Cunningham_25,3,3.0,22.333333333333332,14.0,-0.3731343283582089
Cade Cunningham,Cade Cunningham_29,1,1.0,20.0,29.0,0.45
Cade Cunningham,Cade Cunningham_36,2,2.0,23.5,22.0,-0.06382978723404255
Cade Cunningham,Cade Cunningham_41,1,1.0,26.0,22.0,-0.15384615384615385
Cade Cunningham,Cade Cunningham_44,4,4.0,23.0,14.0,-0.391304347826087
Cade Cunningham,Cade Cunningham_53,2,2.0,16.5,9.0,-0.45454545454545453
Cade Cunningham,Cade Cunningham_62,1,1.0,18.0,16.0,-0.1111111111111111
Cameron Johnson,Cameron Johnson_0,3,3.0,11.333333333333334,14.0,0.23529411764705876
Cameron Johnson,Cameron Johnson_4,1,1.0,12.0,11.0,-0.08333333333333333
Cameron Johnson,Cameron Johnson_11,1,1.0,9.0,10.0,0.1111111111111111
Cameron Johnson,Cameron Johnson_18,1,1.0,11.0,10.0,-0.09090909090909091
Cameron Johnson,Cameron Johnson_23,1,1.0,11.0,10.0,-0.09090909090909091
Cameron Johnson,Cameron Johnson_26,1,1.0,15.0,15.0,0.0
Cameron Johnson,Cameron Johnson_29,1,1.0,9.0,12.0,0.3333333333333333
Cameron Johnson,Cameron Johnson_38,1,1.0,14.0,11.0,-0.21428571428571427
Cameron Johnson,Cameron Johnson_40,2,2.0,15.0,13.0,-0.13333333333333333
Cameron Johnson,Cameron Johnson_43,2,2.0,15.5,10.0,-0.3548387096774194
Cameron Johnson,Cameron Johnson_47,1,1.0,14.0,10.0,-0.2857142857142857
Cameron Johnson,Cameron Johnson_50,1,1.0,19.0,16.0,-0.15789473684210525
Cameron Johnson,Cameron Johnson_52,4,4.0,11.75,10.0,-0.14893617021276595
Christian Braun,Christian Braun_0,1,1.0,15.0,6.0,-0.6
Christian Braun,Christian Braun_4,1,1.0,11.0,11.0,0.0
Christian Braun,Christian Braun_11,1,1.0,11.0,12.0,0.09090909090909091
Christian Braun,Christian Braun_18,3,3.0,10.333333333333334,11.0,0.06451612903225801
Christian Braun,Christian Braun_22,1,1.0,8.0,10.0,0.25
Christian Braun,Christian Braun_24,3,3.0,8.0,9.0,0.125
Christian Braun,Christian Braun_31,2,2.0,9.0,10.0,0.1111111111111111
Christian Braun,Christian Braun_36,2,2.0,7.5,11.0,0.4666666666666667
Christian Braun,Christian Braun_48,1,1.0,14.0,12.0,-0.14285714285714285
Christian Braun,Christian Braun_51,1,1.0,13.0,14.0,0.07692307692307693
Christian Braun,Christian Braun_54,2,2.0,8.0,11.0,0.375
Christian Braun,Christian Braun_57,1,1.0,11.0,14.0,0.2727272727272727
Christian Braun,Christian Braun_59,1,1.0,22.0,10.0,-0.5454545454545454
Christian Braun,Christian Braun_63,2,2.0,10.5,10.0,-0.047619047619047616
Coby White,Coby White_0,1,1.0,13.0,20.0,0.5384615384615384
Coby White,Coby White_2,1,1.0,12.0,15.0,0.25
Coby White,Coby White_7,1,1.0,13.0,15.0,0.15384615384615385
Coby White,Coby White_13,1,1.0,8.0,14.0,0.75
Coby White,Coby White_15,3,3.0,14.0,13.0,-0.07142857142857142
Coby White,Coby White_19,9,9.0,13.666666666666666,13.0,-0.04878048780487801
Coby White,Coby White_30,1,1.0,24.0,11.0,-0.5416666666666666
Coby White,Coby White_37,1,1.0,14.0,7.0,-0.5
Coby White,Coby White_39,2,2.0,12.5,16.0,0.28
Coby White,Coby White_46,3,3.0,12.666666666666666,14.0,0.10526315789473689
Coby White,Coby White_54,1,1.0,23.0,28.0,0.21739130434782608
Coby White,Coby White_59,1,1.0,21.0,19.0,-0.09523809523809523
Coby White,Coby White_71,1,1.0,14.0,11.0,-0.21428571428571427
Collin Sexton,Collin Sexton_1,1,1.0,13.0,11.0,-0.15384615384615385
Collin Sexton,Collin Sexton_3,1,1.0,7.0,11.0,0.5714285714285714
Collin Sexton,Collin Sexton_9,1,1.0,14.0,12.0,-0.14285714285714285
Collin Sexton,Collin Sexton_18,2,2.0,13.5,11.0,-0.18518518518518517
Collin Sexton,Collin Sexton_21,1,1.0,14.0,8.0,-0.42857142857142855
Collin Sexton,Collin Sexton_23,1,1.0,9.0,10.0,0.1111111111111111
Collin Sexton,Collin Sexton_28,1,1.0,19.0,16.0,-0.15789473684210525
Collin Sexton,Collin Sexton_32,2,2.0,18.5,16.0,-0.13513513513513514
Collin Sexton,Collin Sexton_37,1,1.0,20.0,11.0,-0.45
Collin Sexton,Collin Sexton_40,1,1.0,17.0,13.0,-0.23529411764705882
Collin Sexton,Collin Sexton_48,5,5.0,15.8,8.0,-0.4936708860759494
Collin Sexton,Collin Sexton_55,1,1.0,10.0,10.0,0.0
Collin Sexton,Collin Sexton_58,1,1.0,18.0,14.0,-0.2222222222222222
Damian Lillard,Damian Lillard_4,1,1.0,12.0,24.0,1.0
Damian Lillard,Damian Lillard_8,5,5.0,16.8,21.0,0.24999999999999994
Damian Lillard,Damian Lillard_23,3,3.0,16.333333333333332,12.0,-0.26530612244897955
Damian Lillard,Damian Lillard_37,3,3.0,16.333333333333332,18.0,0.1020408163265307
Damian Lillard,Damian Lillard_41,1,1.0,19.0,27.0,0.42105263157894735
Damian Lillard,Damian Lillard_44,1,1.0,12.0,17.0,0.4166666666666667
Damian Lillard,Damian Lillard_46,1,1.0,22.0,9.0,-0.5909090909090909
Damian Lillard,Damian Lillard_52,2,2.0,16.5,14.0,-0.15151515151515152
Darius Garland,Darius Garland_0,1,1.0,12.0,11.0,-0.08333333333333333
Darius Garland,Darius Garland_4,1,1.0,14.0,16.0,0.14285714285714285
Darius Garland,Darius Garland_6,1,1.0,13.0,22.0,0.6923076923076923
Darius Garland,Darius Garland_11,1,1.0,17.0,16.0,-0.058823529411764705
Darius Garland,Darius Garland_15,2,2.0,17.5,14.0,-0.2
Darius Garland,Darius Garland_22,3,3.0,17.333333333333332,6.0,-0.6538461538461539
Darius Garland,Darius Garland_31,1,1.0,16.0,12.0,-0.25
Darius Garland,Darius Garland_51,1,1.0,15.0,12.0,-0.2
Darius Garland,Darius Garland_53,5,5.0,17.0,10.0,-0.4117647058823529
Darius Garland,Darius Garland_59,7,7.0,16.142857142857142,19.0,0.1769911504424779
Darius Garland,Darius Garland_67,1,1.0,15.0,17.0,0.13333333333333333
Darius Garland,Darius Garland_72,1,1.0,13.0,17.0,0.3076923076923077
De'Aaron Fox,De'Aaron Fox_5,1,1.0,22.0,21.0,-0.045454545454545456
De'Aaron Fox,De'Aaron Fox_7,1,1.0,17.0,20.0,0.17647058823529413
De'Aaron Fox,De'Aaron Fox_9,2,2.0,21.0,17.0,-0.19047619047619047
De'Aaron Fox,De'Aaron Fox_17,6,6.0,20.0,17.0,-0.15
De'Aaron Fox,De'Aaron Fox_25,2,2.0,22.0,17.0,-0.22727272727272727
De'Aaron Fox,De'Aaron Fox_34,1,1.0,23.0,16.0,-0.30434782608695654
De'Aaron Fox,De'Aaron Fox_36,6,6.0,17.833333333333332,19.0,0.06542056074766363
De'Aaron Fox,De'Aaron Fox_47,1,1.0,11.0,14.0,0.2727272727272727
De'Aaron Fox,De'Aaron Fox_52,5,5.0,16.8,12.0,-0.28571428571428575
De'Aaron Fox,De'Aaron Fox_58,1,1.0,17.0,12.0,-0.29411764705882354
De'Andre Hunter,De'Andre Hunter_0,1,1.0,10.0,14.0,0.4
De'Andre Hunter,De'Andre Hunter_4,3,3.0,11.666666666666666,16.0,0.3714285714285715
De'Andre Hunter,De'Andre Hunter_13,1,1.0,20.0,15.0,-0.25
De'Andre Hunter,De'Andre Hunter_15,1,1.0,16.0,15.0,-0.0625
De'Andre Hunter,De'Andre Hunter_23,2,2.0,14.0,11.0,-0.21428571428571427
De'Andre Hunter,De'Andre Hunter_27,1,1.0,14.0,14.0,0.0
De'Andre Hunter,De'Andre Hunter_29,2,2.0,12.5,21.0,0.68
De'Andre Hunter,De'Andre Hunter_32,1,1.0,15.0,13.0,-0.13333333333333333
De'Andre Hunter,De'Andre Hunter_34,1,1.0,5.0,14.0,1.8
De'Andre Hunter,De'Andre Hunter_39,1,1.0,10.0,7.0,-0.3
De'Andre Hunter,De'Andre Hunter_41,1,1.0,10.0,8.0,-0.2
De'Andre Hunter,De'Andre Hunter_45,2,2.0,9.5,6.0,-0.3684210526315789
De'Andre Hunter,De'Andre Hunter_48,1,1.0,6.0,6.0,0.0
De'Andre Hunter,De'Andre Hunter_50,1,1.0,11.0,10.0,-0.09090909090909091
De'Andre Hunter,De'Andre Hunter_52,1,1.0,8.0,8.0,0.0
De'Andre Hunter,De'Andre Hunter_56,3,3.0,10.333333333333334,11.0,0.06451612903225801
DeMar DeRozan,DeMar DeRozan_8,1,1.0,12.0,25.0,1.0833333333333333
DeMar DeRozan,DeMar DeRozan_11,3,3.0,13.0,21.0,0.6153846153846154
DeMar DeRozan,DeMar DeRozan_16,1,1.0,15.0,15.0,0.0
DeMar DeRozan,DeMar DeRozan_21,4,4.0,12.0,13.0,0.08333333333333333
DeMar DeRozan,DeMar DeRozan_30,4,4.0,21.5,18.0,-0.16279069767441862
DeMar DeRozan,DeMar DeRozan_36,1,1.0,21.0,21.0,0.0
DeMar DeRozan,DeMar DeRozan_42,1,1.0,15.0,25.0,0.6666666666666666
DeMar DeRozan,DeMar DeRozan_46,1,1.0,12.0,22.0,0.8333333333333334
DeMar DeRozan,DeMar DeRozan_49,1,1.0,16.0,14.0,-0.125
DeMar DeRozan,DeMar DeRozan_53,1,1.0,18.0,15.0,-0.16666666666666666
DeMar DeRozan,DeMar DeRozan_58,1,1.0,10.0,13.0,0.3
DeMar DeRozan,DeMar DeRozan_61,1,1.0,19.0,19.0,0.0
DeMar DeRozan,DeMar DeRozan_63,4,4.0,19.75,10.0,-0.4936708860759494
Deni Avdija,Deni Avdija_1,3,3.0,9.333333333333334,8.0,-0.1428571428571429
Deni Avdija,Deni Avdija_6,2,2.0,8.5,5.0,-0.4117647058823529
Deni Avdija,Deni Avdija_9,2,2.0,7.0,10.0,0.42857142857142855
Deni Avdija,Deni Avdija_14,2,2.0,9.5,8.0,-0.15789473684210525
Deni Avdija,Deni Avdija_17,1,1.0,16.0,12.0,-0.25
Deni Avdija,Deni Avdija_22,1,1.0,9.0,7.0,-0.2222222222222222
Deni Avdija,Deni Avdija_27,1,1.0,12.0,11.0,-0.08333333333333333
Deni Avdija,Deni Avdija_36,2,2.0,13.0,16.0,0.23076923076923078
Deni Avdija,Deni Avdija_40,1,1.0,11.0,6.0,-0.45454545454545453
Deni Avdija,Deni Avdija_44,1,1.0,8.0,7.0,-0.125
Deni Avdija,Deni Avdija_47,1,1.0,9.0,6.0,-0.3333333333333333
Deni Avdija,Deni Avdija_49,3,3.0,10.666666666666666,14.0,0.31250000000000006
Deni Avdija,Deni Avdija_54,2,2.0,9.5,13.0,0.3684210526315789
Deni Avdija,Deni Avdija_57,2,2.0,12.0,15.0,0.25
Deni Avdija,Deni Avdija_65,2,2.0,16.5,11.0,-0.3333333333333333
Dennis Schröder,Dennis Schröder_0,1,1.0,16.0,12.0,-0.25
Dennis Schröder,Dennis Schröder_5,4,4.0,14.25,14.0,-0.017543859649122806
Dennis Schröder,Dennis Schröder_12,4,4.0,11.75,18.0,0.5319148936170213
Dennis Schröder,Dennis Schröder_20,1,1.0,11.0,19.0,0.7272727272727273
Dennis Schröder,Dennis Schröder_23,7,7.0,10.571428571428571,9.0,-0.14864864864864863
Dennis Schröder,Dennis Schröder_32,6,6.0,10.666666666666666,14.0,0.31250000000000006
Dennis Schröder,Dennis Schröder_39,3,3.0,9.0,6.0,-0.3333333333333333
Dennis Schröder,Dennis Schröder_45,1,1.0,8.0,6.0,-0.25
Dennis Schröder,Dennis Schröder_48,3,3.0,8.333333333333334,10.0,0.19999999999999993
Dennis Schröder,Dennis Schröder_52,2,2.0,6.5,5.0,-0.23076923076923078
Dennis Schröder,Dennis Schröder_55,1,1.0,8.0,14.0,0.75
Dennis Schröder,Dennis Schröder_63,1,1.0,8.0,7.0,-0.125
Dennis Schröder,Dennis Schröder_68,6,6.0,10.666666666666666,10.0,-0.062499999999999944
Derrick Jones Jr.,Derrick Jones Jr._3,4,4.0,10.0,6.0,-0.4
Derrick Jones Jr.,Derrick Jones Jr._9,1,1.0,5.0,13.0,1.6
Derrick Jones Jr.,Derrick Jones Jr._12,1,1.0,7.0,6.0,-0.14285714285714285
Derrick Jones Jr.,Derrick Jones Jr._20,2,2.0,6.5,10.0,0.5384615384615384
Derrick Jones Jr.,Derrick Jones Jr._26,2,2.0,8.5,12.0,0.4117647058823529
Derrick Jones Jr.,Derrick Jones Jr._29,4,4.0,8.5,5.0,-0.4117647058823529
Derrick Jones Jr.,Derrick Jones Jr._38,2,2.0,10.0,20.0,1.0
Derrick Jones Jr.,Derrick Jones Jr._44,1,1.0,9.0,9.0,0.0
Derrick Jones Jr.,Derrick Jones Jr._46,1,1.0,7.0,10.0,0.42857142857142855
Derrick Jones Jr.,Derrick Jones Jr._51,4,4.0,8.25,9.0,0.09090909090909091
Derrick Jones Jr.,Derrick Jones Jr._67,1,1.0,7.0,8.0,0.14285714285714285
Derrick Jones Jr.,Derrick Jones Jr._69,2,2.0,4.0,3.0,-0.25
Derrick Jones Jr.,Derrick Jones Jr._72,2,2.0,11.0,6.0,-0.45454545454545453
Derrick White,Derrick White_3,1,1.0,13.0,9.0,-0.3076923076923077
Derrick White,Derrick White_5,2,2.0,16.5,16.0,-0.030303030303030304
Derrick White,Derrick White_12,2,2.0,15.5,12.0,-0.22580645161290322
Derrick White,Derrick White_15,1,1.0,11.0,12.0,0.09090909090909091
Derrick White,Derrick White_20,3,3.0,11.333333333333334,13.0,0.14705882352941171
Derrick White,Derrick White_26,1,1.0,12.0,12.0,0.0
Derrick White,Derrick White_34,6,6.0,11.333333333333334,5.0,-0.5588235294117647
Derrick White,Derrick White_42,1,1.0,5.0,16.0,2.2
Derrick White,Derrick White_59,1,1.0,14.0,7.0,-0.5
Derrick White,Derrick White_61,1,1.0,16.0,14.0,-0.125
Derrick White,Derrick White_63,3,3.0,15.0,12.0,-0.2
Derrick White,Derrick White_69,2,2.0,13.0,11.0,-0.15384615384615385
Derrick White,Derrick White_74,1,1.0,14.0,12.0,-0.14285714285714285
Desmond Bane,Desmond Bane_1,1,1.0,16.0,10.0,-0.375
Desmond Bane,Desmond Bane_6,2,2.0,11.0,18.0,0.6363636363636364
Desmond Bane,Desmond Bane_9,5,5.0,10.2,14.0,0.37254901960784326
Desmond Bane,Desmond Bane_18,1,1.0,8.0,9.0,0.125
Desmond Bane,Desmond Bane_38,1,1.0,24.0,15.0,-0.375
Desmond Bane,Desmond Bane_45,1,1.0,13.0,15.0,0.15384615384615385
Desmond Bane,Desmond Bane_49,2,2.0,19.0,23.0,0.21052631578947367
Desmond Bane,Desmond Bane_52,3,3.0,13.666666666666666,16.0,0.1707317073170732
Desmond Bane,Desmond Bane_60,1,1.0,12.0,18.0,0.5
Desmond Bane,Desmond Bane_64,1,1.0,23.0,23.0,0.0
Devin Booker,Devin Booker_1,1,1.0,21.0,12.0,-0.42857142857142855
Devin Booker,Devin Booker_5,2,2.0,20.5,17.0,-0.17073170731707318
Devin Booker,Devin Booker_8,2,2.0,17.5,20.0,0.14285714285714285
Devin Booker,Devin Booker_11,2,2.0,13.0,29.0,1.2307692307692308
Devin Booker,Devin Booker_14,1,1.0,14.0,23.0,0.6428571428571429
Devin Booker,Devin Booker_22,1,1.0,21.0,27.0,0.2857142857142857
Devin Booker,Devin Booker_26,3,3.0,17.0,25.0,0.47058823529411764
Devin Booker,Devin Booker_30,1,1.0,21.0,20.0,-0.047619047619047616
Devin Booker,Devin Booker_36,1,1.0,14.0,24.0,0.7142857142857143
Devin Booker,Devin Booker_38,2,2.0,19.5,19.0,-0.02564102564102564
Devin Booker,Devin Booker_48,1,1.0,14.0,20.0,0.42857142857142855
Devin Booker,Devin Booker_57,3,3.0,19.0,17.0,-0.10526315789473684
Devin Booker,Devin Booker_61,1,1.0,17.0,15.0,-0.11764705882352941
Devin Booker,Devin Booker_64,4,4.0,15.5,17.0,0.0967741935483871
Devin Booker,Devin Booker_72,2,2.0,18.5,12.0,-0.35135135135135137
Devin Vassell,Devin Vassell_8,1,1.0,11.0,16.0,0.45454545454545453
Devin Vassell,Devin Vassell_10,1,1.0,11.0,16.0,0.45454545454545453
Devin Vassell,Devin Vassell_14,2,2.0,13.5,14.0,0.037037037037037035
Devin Vassell,Devin Vassell_17,5,5.0,16.2,18.0,0.11111111111111116
Devin Vassell,Devin Vassell_27,7,7.0,15.142857142857142,14.0,-0.07547169811320752
Devin Vassell,Devin Vassell_35,9,9.0,12.333333333333334,20.0,0.6216216216216215
Devin Vassell,Devin Vassell_45,1,1.0,13.0,8.0,-0.38461538461538464
Devin Vassell,Devin Vassell_52,1,1.0,9.0,16.0,0.7777777777777778
Devin Vassell,Devin Vassell_59,1,1.0,11.0,18.0,0.6363636363636364
Dillon Brooks,Dillon Brooks_0,1,1.0,6.0,12.0,1.0
Dillon Brooks,Dillon Brooks_3,3,3.0,11.0,9.0,-0.18181818181818182
Dillon Brooks,Dillon Brooks_9,2,2.0,13.5,9.0,-0.3333333333333333
Dillon Brooks,Dillon Brooks_14,2,2.0,9.0,15.0,0.6666666666666666
Dillon Brooks,Dillon Brooks_19,1,1.0,11.0,11.0,0.0
Dillon Brooks,Dillon Brooks_25,1,1.0,17.0,16.0,-0.058823529411764705
Dillon Brooks,Dillon Brooks_30,2,2.0,10.5,8.0,-0.23809523809523808
Dillon Brooks,Dillon Brooks_33,2,2.0,13.0,5.0,-0.6153846153846154
Dillon Brooks,Dillon Brooks_36,4,4.0,10.5,8.0,-0.23809523809523808
Dillon Brooks,Dillon Brooks_42,1,1.0,12.0,17.0,0.4166666666666667
Dillon Brooks,Dillon Brooks_45,1,1.0,12.0,11.0,-0.08333333333333333
Dillon Brooks,Dillon Brooks_48,2,2.0,12.5,13.0,0.04
Dillon Brooks,Dillon Brooks_53,1,1.0,11.0,13.0,0.18181818181818182
Dillon Brooks,Dillon Brooks_56,2,2.0,14.5,9.0,-0.3793103448275862
Dillon Brooks,Dillon Brooks_60,1,1.0,21.0,14.0,-0.3333333333333333
Dillon Brooks,Dillon Brooks_62,2,2.0,12.5,19.0,0.52
Dillon Brooks,Dillon Brooks_66,1,1.0,11.0,12.0,0.09090909090909091
Domantas Sabonis,Domantas Sabonis_4,1,1.0,11.0,10.0,-0.09090909090909091
Domantas Sabonis,Domantas Sabonis_14,1,1.0,12.0,11.0,-0.08333333333333333
Domantas Sabonis,Domantas Sabonis_26,5,5.0,16.8,11.0,-0.3452380952380953
Domantas Sabonis,Domantas Sabonis_33,1,1.0,16.0,15.0,-0.0625
Domantas Sabonis,Domantas Sabonis_40,1,1.0,21.0,14.0,-0.3333333333333333
Domantas Sabonis,Domantas Sabonis_44,2,2.0,14.0,10.0,-0.2857142857142857
Domantas Sabonis,Domantas Sabonis_47,1,1.0,6.0,18.0,2.0
Domantas Sabonis,Domantas Sabonis_53,4,4.0,7.5,4.0,-0.4666666666666667
Domantas Sabonis,Domantas Sabonis_59,1,1.0,12.0,11.0,-0.08333333333333333
Domantas Sabonis,Domantas Sabonis_61,3,3.0,15.333333333333334,16.0,0.043478260869565175
Donovan Mitchell,Donovan Mitchell_1,1,1.0,21.0,18.0,-0.14285714285714285
Donovan Mitchell,Donovan Mitchell_7,1,1.0,15.0,20.0,0.3333333333333333
Donovan Mitchell,Donovan Mitchell_9,1,1.0,13.0,12.0,-0.07692307692307693
Donovan Mitchell,Donovan Mitchell_15,1,1.0,10.0,18.0,0.8
Donovan Mitchell,Donovan Mitchell_18,1,1.0,23.0,21.0,-0.08695652173913043
Donovan Mitchell,Donovan Mitchell_23,3,3.0,16.0,15.0,-0.0625
Donovan Mitchell,Donovan Mitchell_34,2,2.0,16.5,23.0,0.3939393939393939
Donovan Mitchell,Donovan Mitchell_37,2,2.0,21.0,25.0,0.19047619047619047
Donovan Mitchell,Donovan Mitchell_40,1,1.0,21.0,23.0,0.09523809523809523
Donovan Mitchell,Donovan Mitchell_54,1,1.0,12.0,26.0,1.1666666666666667
Donovan Mitchell,Donovan Mitchell_58,4,4.0,20.0,17.0,-0.15
Donovan Mitchell,Donovan Mitchell_63,2,2.0,15.5,18.0,0.16129032258064516
Dyson Daniels,Dyson Daniels_2,2,2.0,10.0,10.0,0.0
Dyson Daniels,Dyson Daniels_5,4,4.0,14.25,21.0,0.47368421052631576
Dyson Daniels,Dyson Daniels_11,10,10.0,12.5,8.0,-0.36
Dyson Daniels,Dyson Daniels_23,3,3.0,8.666666666666666,9.0,0.03846153846153853
Dyson Daniels,Dyson Daniels_27,1,1.0,10.0,9.0,-0.1
Dyson Daniels,Dyson Daniels_29,3,3.0,13.666666666666666,12.0,-0.12195121951219508
Dyson Daniels,Dyson Daniels_34,2,2.0,13.5,14.0,0.037037037037037035
Dyson Daniels,Dyson Daniels_41,2,2.0,10.0,15.0,0.5
Dyson Daniels,Dyson Daniels_47,1,1.0,13.0,8.0,-0.38461538461538464
Dyson Daniels,Dyson Daniels_50,1,1.0,15.0,14.0,-0.06666666666666667
Dyson Daniels,Dyson Daniels_52,1,1.0,12.0,10.0,-0.16666666666666666
Dyson Daniels,Dyson Daniels_54,1,1.0,10.0,10.0,0.0
Dyson Daniels,Dyson Daniels_60,3,3.0,12.333333333333334,12.0,-0.027027027027027074
Dyson Daniels,Dyson Daniels_65,1,1.0,12.0,14.0,0.16666666666666666
Dyson Daniels,Dyson Daniels_67,1,1.0,10.0,15.0,0.5
Evan Mobley,Evan Mobley_2,1,1.0,13.0,12.0,-0.07692307692307693
Evan Mobley,Evan Mobley_6,3,3.0,14.666666666666666,12.0,-0.1818181818181818
Evan Mobley,Evan Mobley_15,1,1.0,9.0,11.0,0.2222222222222222
Evan Mobley,Evan Mobley_19,1,1.0,13.0,12.0,-0.07692307692307693
Evan Mobley,Evan Mobley_23,1,1.0,4.0,9.0,1.25
Evan Mobley,Evan Mobley_29,1,1.0,6.0,14.0,1.3333333333333333
Evan Mobley,Evan Mobley_32,1,1.0,13.0,13.0,0.0
Evan Mobley,Evan Mobley_37,3,3.0,8.0,15.0,0.875
Evan Mobley,Evan Mobley_43,1,1.0,14.0,16.0,0.14285714285714285
Evan Mobley,Evan Mobley_47,1,1.0,11.0,12.0,0.09090909090909091
Evan Mobley,Evan Mobley_50,1,1.0,20.0,9.0,-0.55
Evan Mobley,Evan Mobley_53,1,1.0,14.0,10.0,-0.2857142857142857
Evan Mobley,Evan Mobley_61,4,4.0,12.25,16.0,0.30612244897959184
Evan Mobley,Evan Mobley_66,1,1.0,11.0,13.0,0.18181818181818182
Franz Wagner,Franz Wagner_4,5,5.0,16.4,18.0,0.0975609756097562
Franz Wagner,Franz Wagner_19,1,1.0,20.0,20.0,0.0
Franz Wagner,Franz Wagner_21,2,2.0,19.5,23.0,0.1794871794871795
Franz Wagner,Franz Wagner_25,1,1.0,19.0,22.0,0.15789473684210525
Franz Wagner,Franz Wagner_27,1,1.0,25.0,17.0,-0.32
Franz Wagner,Franz Wagner_32,2,2.0,22.5,29.0,0.28888888888888886
Franz Wagner,Franz Wagner_39,2,2.0,21.5,17.0,-0.20930232558139536
Franz Wagner,Franz Wagner_43,3,3.0,17.0,17.0,0.0
Franz Wagner,Franz Wagner_47,4,4.0,18.0,26.0,0.4444444444444444
Franz Wagner,Franz Wagner_52,2,2.0,21.5,12.0,-0.4418604651162791
Franz Wagner,Franz Wagner_55,2,2.0,19.5,19.0,-0.02564102564102564
Franz Wagner,Franz Wagner_58,1,1.0,20.0,17.0,-0.15
Giannis Antetokounmpo,Giannis Antetokounmpo_3,1,1.0,26.0,22.0,-0.15384615384615385
Giannis Antetokounmpo,Giannis Antetokounmpo_5,1,1.0,27.0,21.0,-0.2222222222222222
Giannis Antetokounmpo,Giannis Antetokounmpo_7,1,1.0,21.0,29.0,0.38095238095238093
Giannis Antetokounmpo,Giannis Antetokounmpo_11,2,2.0,19.5,24.0,0.23076923076923078
Giannis Antetokounmpo,Giannis Antetokounmpo_19,1,1.0,25.0,22.0,-0.12
Giannis Antetokounmpo,Giannis Antetokounmpo_25,2,2.0,25.5,8.0,-0.6862745098039216
Giannis Antetokounmpo,Giannis Antetokounmpo_28,1,1.0,21.0,29.0,0.38095238095238093
Giannis Antetokounmpo,Giannis Antetokounmpo_30,1,1.0,21.0,23.0,0.09523809523809523
Giannis Antetokounmpo,Giannis Antetokounmpo_35,1,1.0,18.0,22.0,0.2222222222222222
Giannis Antetokounmpo,Giannis Antetokounmpo_45,1,1.0,23.0,14.0,-0.391304347826087
Giannis Antetokounmpo,Giannis Antetokounmpo_47,1,1.0,18.0,20.0,0.1111111111111111
Giannis Antetokounmpo,Giannis Antetokounmpo_50,1,1.0,24.0,14.0,-0.4166666666666667
Giannis Antetokounmpo,Giannis Antetokounmpo_52,1,1.0,17.0,19.0,0.11764705882352941
Giannis Antetokounmpo,Giannis Antetokounmpo_54,2,2.0,15.5,15.0,-0.03225806451612903
Giannis Antetokounmpo,Giannis Antetokounmpo_64,1,1.0,15.0,17.0,0.13333333333333333
Harrison Barnes,Harrison Barnes_2,1,1.0,3.0,12.0,3.0
Harrison Barnes,Harrison Barnes_4,1,1.0,6.0,10.0,0.6666666666666666
Harrison Barnes,Harrison Barnes_6,3,3.0,5.666666666666667,7.0,0.23529411764705876
Harrison Barnes,Harrison Barnes_13,1,1.0,6.0,13.0,1.1666666666666667
Harrison Barnes,Harrison Barnes_17,1,1.0,6.0,10.0,0.6666666666666666
Harrison Barnes,Harrison Barnes_19,4,4.0,7.5,6.0,-0.2
Harrison Barnes,Harrison Barnes_26,1,1.0,9.0,6.0,-0.3333333333333333
Harrison Barnes,Harrison Barnes_28,3,3.0,5.0,9.0,0.8
Harrison Barnes,Harrison Barnes_33,1,1.0,10.0,14.0,0.4
Harrison Barnes,Harrison Barnes_35,1,1.0,8.0,9.0,0.125
Harrison Barnes,Harrison Barnes_40,1,1.0,9.0,10.0,0.1111111111111111
Harrison Barnes,Harrison Barnes_48,1,1.0,9.0,11.0,0.2222222222222222
Harrison Barnes,Harrison Barnes_51,4,4.0,9.25,9.0,-0.02702702702702703
Harrison Barnes,Harrison Barnes_56,2,2.0,4.5,9.0,1.0
Harrison Barnes,Harrison Barnes_64,1,1.0,9.0,9.0,0.0
Harrison Barnes,Harrison Barnes_70,1,1.0,9.0,8.0,-0.1111111111111111
Harrison Barnes,Harrison Barnes_73,1,1.0,6.0,14.0,1.3333333333333333
Harrison Barnes,Harrison Barnes_80,1,1.0,3.0,10.0,2.3333333333333335
Ivica Zubac,Ivica Zubac_2,2,2.0,13.0,10.0,-0.23076923076923078
Ivica Zubac,Ivica Zubac_5,2,2.0,13.5,9.0,-0.3333333333333333
Ivica Zubac,Ivica Zubac_11,2,2.0,7.5,17.0,1.2666666666666666
Ivica Zubac,Ivica Zubac_14,1,1.0,8.0,11.0,0.375
Ivica Zubac,Ivica Zubac_21,3,3.0,7.0,15.0,1.1428571428571428
Ivica Zubac,Ivica Zubac_25,1,1.0,12.0,11.0,-0.08333333333333333
Ivica Zubac,Ivica Zubac_29,1,1.0,18.0,9.0,-0.5
Ivica Zubac,Ivica Zubac_32,2,2.0,8.0,11.0,0.375
Ivica Zubac,Ivica Zubac_39,1,1.0,10.0,16.0,0.6
Ivica Zubac,Ivica Zubac_41,2,2.0,10.0,17.0,0.7
Ivica Zubac,Ivica Zubac_47,1,1.0,7.0,11.0,0.5714285714285714
Ivica Zubac,Ivica Zubac_51,1,1.0,12.0,13.0,0.08333333333333333
Ivica Zubac,Ivica Zubac_54,2,2.0,9.5,15.0,0.5789473684210527
Ivica Zubac,Ivica Zubac_59,2,2.0,19.0,14.0,-0.2631578947368421
Ivica Zubac,Ivica Zubac_65,1,1.0,14.0,18.0,0.2857142857142857
Ivica Zubac,Ivica Zubac_68,2,2.0,12.5,9.0,-0.28
Ivica Zubac,Ivica Zubac_71,1,1.0,14.0,10.0,-0.2857142857142857
Ivica Zubac,Ivica Zubac_74,1,1.0,14.0,11.0,-0.21428571428571427
Ja Morant,Ja Morant_3,1,1.0,16.0,16.0,0.0
Ja Morant,Ja Morant_12,1,1.0,13.0,20.0,0.5384615384615384
Ja Morant,Ja Morant_15,3,3.0,16.666666666666668,10.0,-0.4
Ja Morant,Ja Morant_21,2,2.0,21.5,13.0,-0.3953488372093023
Ja Morant,Ja Morant_24,1,1.0,16.0,9.0,-0.4375
Ja Morant,Ja Morant_27,1,1.0,13.0,18.0,0.38461538461538464
Ja Morant,Ja Morant_30,4,4.0,19.25,13.0,-0.3246753246753247
Ja Morant,Ja Morant_35,5,5.0,24.2,13.0,-0.46280991735537186
Ja Morant,Ja Morant_43,2,2.0,21.5,22.0,0.023255813953488372
Jaden McDaniels,Jaden McDaniels_0,2,2.0,8.5,5.0,-0.4117647058823529
Jaden McDaniels,Jaden McDaniels_5,2,2.0,9.5,7.0,-0.2631578947368421
Jaden McDaniels,Jaden McDaniels_8,2,2.0,8.5,10.0,0.17647058823529413
Jaden McDaniels,Jaden McDaniels_11,2,2.0,11.0,7.0,-0.36363636363636365
Jaden McDaniels,Jaden McDaniels_15,3,3.0,10.666666666666666,6.0,-0.43749999999999994
Jaden McDaniels,Jaden McDaniels_21,2,2.0,10.0,11.0,0.1
Jaden McDaniels,Jaden McDaniels_26,6,6.0,8.5,12.0,0.4117647058823529
Jaden McDaniels,Jaden McDaniels_35,2,2.0,6.5,12.0,0.8461538461538461
Jaden McDaniels,Jaden McDaniels_38,1,1.0,8.0,9.0,0.125
Jaden McDaniels,Jaden McDaniels_40,1,1.0,11.0,9.0,-0.18181818181818182
Jaden McDaniels,Jaden McDaniels_42,1,1.0,12.0,18.0,0.5
Jaden McDaniels,Jaden McDaniels_47,1,1.0,4.0,16.0,3.0
Jaden McDaniels,Jaden McDaniels_51,1,1.0,15.0,17.0,0.13333333333333333
Jaden McDaniels,Jaden McDaniels_54,4,4.0,14.75,16.0,0.0847457627118644
Jaden McDaniels,Jaden McDaniels_59,1,1.0,18.0,16.0,-0.1111111111111111
Jaden McDaniels,Jaden McDaniels_72,1,1.0,7.0,10.0,0.42857142857142855
Jaden McDaniels,Jaden McDaniels_74,5,5.0,9.4,7.0,-0.25531914893617025
Jakob Poeltl,Jakob Poeltl_0,1,1.0,6.0,8.0,0.3333333333333333
Jakob Poeltl,Jakob Poeltl_2,2,2.0,11.0,14.0,0.2727272727272727
Jakob Poeltl,Jakob Poeltl_9,1,1.0,6.0,12.0,1.0
Jakob Poeltl,Jakob Poeltl_11,2,2.0,16.5,19.0,0.15151515151515152
Jakob Poeltl,Jakob Poeltl_16,3,3.0,9.0,11.0,0.2222222222222222
Jakob Poeltl,Jakob Poeltl_20,1,1.0,12.0,10.0,-0.16666666666666666
Jakob Poeltl,Jakob Poeltl_25,1,1.0,7.0,8.0,0.14285714285714285
Jakob Poeltl,Jakob Poeltl_33,2,2.0,10.5,8.0,-0.23809523809523808
Jakob Poeltl,Jakob Poeltl_36,1,1.0,11.0,6.0,-0.45454545454545453
Jalen Brunson,Jalen Brunson_2,2,2.0,21.0,22.0,0.047619047619047616
Jalen Brunson,Jalen Brunson_5,3,3.0,18.666666666666668,17.0,-0.08928571428571434
Jalen Brunson,Jalen Brunson_9,2,2.0,17.5,20.0,0.14285714285714285
Jalen Brunson,Jalen Brunson_12,1,1.0,14.0,15.0,0.07142857142857142
Jalen Brunson,Jalen Brunson_24,1,1.0,15.0,18.0,0.2
Jalen Brunson,Jalen Brunson_26,1,1.0,14.0,19.0,0.35714285714285715
Jalen Brunson,Jalen Brunson_28,3,3.0,19.0,31.0,0.631578947368421
Jalen Brunson,Jalen Brunson_32,2,2.0,20.0,20.0,0.0
Jalen Brunson,Jalen Brunson_35,2,2.0,17.0,15.0,-0.11764705882352941
Jalen Brunson,Jalen Brunson_41,1,1.0,23.0,18.0,-0.21739130434782608
Jalen Brunson,Jalen Brunson_43,1,1.0,18.0,17.0,-0.05555555555555555
Jalen Brunson,Jalen Brunson_47,1,1.0,18.0,27.0,0.5
Jalen Brunson,Jalen Brunson_51,1,1.0,11.0,21.0,0.9090909090909091
Jalen Brunson,Jalen Brunson_53,1,1.0,21.0,17.0,-0.19047619047619047
Jalen Brunson,Jalen Brunson_57,2,2.0,24.0,18.0,-0.25
Jalen Brunson,Jalen Brunson_63,1,1.0,15.0,17.0,0.13333333333333333
Jalen Duren,Jalen Duren_1,1,1.0,4.0,7.0,0.75
Jalen Duren,Jalen Duren_4,1,1.0,0.0,2.0,
Jalen Duren,Jalen Duren_8,1,1.0,1.0,5.0,4.0
Jalen Duren,Jalen Duren_12,2,2.0,10.5,3.0,-0.7142857142857143
Jalen Duren,Jalen Duren_15,1,1.0,5.0,7.0,0.4
Jalen Duren,Jalen Duren_17,1,1.0,5.0,8.0,0.6
Jalen Duren,Jalen Duren_21,1,1.0,5.0,9.0,0.8
Jalen Duren,Jalen Duren_30,2,2.0,6.5,11.0,0.6923076923076923
Jalen Duren,Jalen Duren_33,2,2.0,5.5,4.0,-0.2727272727272727
Jalen Duren,Jalen Duren_41,2,2.0,10.0,8.0,-0.2
Jalen Duren,Jalen Duren_47,1,1.0,8.0,7.0,-0.125
Jalen Duren,Jalen Duren_50,1,1.0,5.0,7.0,0.4
Jalen Duren,Jalen Duren_54,1,1.0,9.0,7.0,-0.2222222222222222
Jalen Duren,Jalen Duren_56,1,1.0,5.0,7.0,0.4
Jalen Duren,Jalen Duren_60,1,1.0,11.0,10.0,-0.09090909090909091
Jalen Duren,Jalen Duren_64,1,1.0,6.0,6.0,0.0
Jalen Duren,Jalen Duren_72,1,1.0,10.0,11.0,0.1
Jalen Duren,Jalen Duren_76,1,1.0,9.0,3.0,-0.6666666666666666
Jalen Green,Jalen Green_1,1,1.0,21.0,22.0,0.047619047619047616
Jalen Green,Jalen Green_5,2,2.0,14.0,14.0,0.0
Jalen Green,Jalen Green_8,5,5.0,15.6,9.0,-0.4230769230769231
Jalen Green,Jalen Green_14,5,5.0,15.4,20.0,0.2987012987012987
Jalen Green,Jalen Green_22,1,1.0,16.0,20.0,0.25
Jalen Green,Jalen Green_24,2,2.0,14.5,22.0,0.5172413793103449
Jalen Green,Jalen Green_28,1,1.0,8.0,21.0,1.625
Jalen Green,Jalen Green_30,3,3.0,18.666666666666668,21.0,0.12499999999999993
Jalen Green,Jalen Green_41,2,2.0,18.5,16.0,-0.13513513513513514
Jalen Green,Jalen Green_44,11,11.0,19.181818181818183,24.0,0.2511848341232226
Jalen Green,Jalen Green_61,4,4.0,14.0,16.0,0.14285714285714285
Jalen Green,Jalen Green_70,2,2.0,17.5,24.0,0.37142857142857144
Jalen Green,Jalen Green_75,1,1.0,13.0,15.0,0.15384615384615385
Jalen Williams,Jalen Williams_0,4,4.0,17.0,12.0,-0.29411764705882354
Jalen Williams,Jalen Williams_5,1,1.0,16.0,17.0,0.0625
Jalen Williams,Jalen Williams_12,1,1.0,16.0,17.0,0.0625
Jalen Williams,Jalen Williams_14,1,1.0,26.0,19.0,-0.2692307692307692
Jalen Williams,Jalen Williams_18,2,2.0,20.0,18.0,-0.1
Jalen Williams,Jalen Williams_23,3,3.0,18.666666666666668,25.0,0.3392857142857142
Jalen Williams,Jalen Williams_27,5,5.0,17.8,14.0,-0.21348314606741575
Jalen Williams,Jalen Williams_34,1,1.0,10.0,17.0,0.7
Jalen Williams,Jalen Williams_37,1,1.0,13.0,15.0,0.15384615384615385
Jalen Williams,Jalen Williams_40,1,1.0,22.0,18.0,-0.18181818181818182
Jalen Williams,Jalen Williams_44,3,3.0,19.0,20.0,0.05263157894736842
Jalen Williams,Jalen Williams_66,2,2.0,17.5,23.0,0.3142857142857143
Jamal Murray,Jamal Murray_0,1,1.0,13.0,14.0,0.07692307692307693
Jamal Murray,Jamal Murray_2,3,3.0,15.333333333333334,17.0,0.108695652173913
Jamal Murray,Jamal Murray_6,3,3.0,16.0,20.0,0.25
Jamal Murray,Jamal Murray_10,2,2.0,14.0,13.0,-0.07142857142857142
Jamal Murray,Jamal Murray_15,2,2.0,14.0,16.0,0.14285714285714285
Jamal Murray,Jamal Murray_18,2,2.0,22.5,19.0,-0.15555555555555556
Jamal Murray,Jamal Murray_26,3,3.0,17.0,13.0,-0.23529411764705882
Jamal Murray,Jamal Murray_31,1,1.0,18.0,26.0,0.4444444444444444
Jamal Murray,Jamal Murray_36,2,2.0,12.5,16.0,0.28
Jamal Murray,Jamal Murray_39,1,1.0,20.0,25.0,0.25
Jamal Murray,Jamal Murray_43,1,1.0,17.0,7.0,-0.5882352941176471
Jamal Murray,Jamal Murray_51,1,1.0,20.0,22.0,0.1
Jamal Murray,Jamal Murray_56,1,1.0,17.0,22.0,0.29411764705882354
Jamal Murray,Jamal Murray_58,1,1.0,15.0,16.0,0.06666666666666667
Jamal Murray,Jamal Murray_61,1,1.0,10.0,28.0,1.8
James Harden,James Harden_0,1,1.0,28.0,11.0,-0.6071428571428571
James Harden,James Harden_2,4,4.0,17.25,10.0,-0.42028985507246375
James Harden,James Harden_7,5,5.0,15.6,14.0,-0.10256410256410255
James Harden,James Harden_14,1,1.0,15.0,14.0,-0.06666666666666667
James Harden,James Harden_16,1,1.0,18.0,10.0,-0.4444444444444444
James Harden,James Harden_20,1,1.0,20.0,26.0,0.3
James Harden,James Harden_23,2,2.0,12.0,17.0,0.4166666666666667
James Harden,James Harden_27,3,3.0,16.0,14.0,-0.125
James Harden,James Harden_32,3,3.0,15.333333333333334,17.0,0.108695652173913
James Harden,James Harden_39,1,1.0,17.0,9.0,-0.47058823529411764
James Harden,James Harden_44,3,3.0,14.666666666666666,14.0,-0.045454545454545414
James Harden,James Harden_49,1,1.0,18.0,19.0,0.05555555555555555
James Harden,James Harden_51,1,1.0,21.0,17.0,-0.19047619047619047
James Harden,James Harden_53,1,1.0,22.0,20.0,-0.09090909090909091
James Harden,James Harden_55,3,3.0,16.666666666666668,24.0,0.4399999999999999
James Harden,James Harden_62,1,1.0,20.0,14.0,-0.3
James Harden,James Harden_65,1,1.0,18.0,14.0,-0.2222222222222222
James Harden,James Harden_67,1,1.0,14.0,16.0,0.14285714285714285
James Harden,James Harden_71,1,1.0,19.0,14.0,-0.2631578947368421
James Harden,James Harden_73,1,1.0,11.0,19.0,0.7272727272727273
Jaren Jackson Jr.,Jaren Jackson Jr._0,2,2.0,13.0,12.0,-0.07692307692307693
Jaren Jackson Jr.,Jaren Jackson Jr._3,1,1.0,12.0,16.0,0.3333333333333333
Jaren Jackson Jr.,Jaren Jackson Jr._12,1,1.0,17.0,15.0,-0.11764705882352941
Jaren Jackson Jr.,Jaren Jackson Jr._16,2,2.0,17.0,14.0,-0.17647058823529413
Jaren Jackson Jr.,Jaren Jackson Jr._19,1,1.0,14.0,9.0,-0.35714285714285715
Jaren Jackson Jr.,Jaren Jackson Jr._26,2,2.0,21.5,17.0,-0.20930232558139536
Jaren Jackson Jr.,Jaren Jackson Jr._30,1,1.0,17.0,24.0,0.4117647058823529
Jaren Jackson Jr.,Jaren Jackson Jr._38,4,4.0,20.0,16.0,-0.2
Jaren Jackson Jr.,Jaren Jackson Jr._50,5,5.0,14.8,13.0,-0.12162162162162167
Jaren Jackson Jr.,Jaren Jackson Jr._56,1,1.0,16.0,25.0,0.5625
Jaren Jackson Jr.,Jaren Jackson Jr._61,3,3.0,17.666666666666668,12.0,-0.3207547169811321
Jaren Jackson Jr.,Jaren Jackson Jr._68,4,4.0,16.0,18.0,0.125
Jarrett Allen,Jarrett Allen_5,1,1.0,3.0,10.0,2.3333333333333335
Jarrett Allen,Jarrett Allen_7,1,1.0,14.0,10.0,-0.2857142857142857
Jarrett Allen,Jarrett Allen_10,2,2.0,6.5,8.0,0.23076923076923078
Jarrett Allen,Jarrett Allen_20,1,1.0,6.0,6.0,0.0
Jarrett Allen,Jarrett Allen_23,2,2.0,7.5,9.0,0.2
Jarrett Allen,Jarrett Allen_28,2,2.0,5.5,13.0,1.3636363636363635
Jarrett Allen,Jarrett Allen_33,1,1.0,10.0,10.0,0.0
Jarrett Allen,Jarrett Allen_43,1,1.0,8.0,5.0,-0.375
Jarrett Allen,Jarrett Allen_45,1,1.0,10.0,7.0,-0.3
Jarrett Allen,Jarrett Allen_50,1,1.0,4.0,7.0,0.75
Jarrett Allen,Jarrett Allen_57,1,1.0,7.0,4.0,-0.42857142857142855
Jarrett Allen,Jarrett Allen_61,2,2.0,8.0,6.0,-0.25
Jarrett Allen,Jarrett Allen_67,1,1.0,7.0,5.0,-0.2857142857142857
Jarrett Allen,Jarrett Allen_71,1,1.0,11.0,11.0,0.0
Jarrett Allen,Jarrett Allen_73,1,1.0,7.0,12.0,0.7142857142857143
Jarrett Allen,Jarrett Allen_78,2,2.0,6.0,6.0,0.0
Jaylen Brown,Jaylen Brown_2,1,1.0,24.0,19.0,-0.20833333333333334
Jaylen Brown,Jaylen Brown_4,3,3.0,20.666666666666668,22.0,0.06451612903225801
Jaylen Brown,Jaylen Brown_10,2,2.0,22.0,18.0,-0.18181818181818182
Jaylen Brown,Jaylen Brown_14,4,4.0,21.0,14.0,-0.3333333333333333
Jaylen Brown,Jaylen Brown_20,5,5.0,20.6,24.0,0.16504854368932032
Jaylen Brown,Jaylen Brown_27,3,3.0,15.0,19.0,0.26666666666666666
Jaylen Brown,Jaylen Brown_32,1,1.0,16.0,12.0,-0.25
Jaylen Brown,Jaylen Brown_34,1,1.0,27.0,14.0,-0.48148148148148145
Jaylen Brown,Jaylen Brown_37,3,3.0,21.0,18.0,-0.14285714285714285
Jaylen Brown,Jaylen Brown_45,1,1.0,14.0,13.0,-0.07142857142857142
Jaylen Brown,Jaylen Brown_51,6,6.0,16.5,15.0,-0.09090909090909091
Jayson Tatum,Jayson Tatum_3,1,1.0,16.0,25.0,0.5625
Jayson Tatum,Jayson Tatum_11,1,1.0,16.0,19.0,0.1875
Jayson Tatum,Jayson Tatum_15,3,3.0,18.333333333333332,18.0,-0.01818181818181812
Jayson Tatum,Jayson Tatum_20,1,1.0,21.0,20.0,-0.047619047619047616
Jayson Tatum,Jayson Tatum_22,2,2.0,23.5,22.0,-0.06382978723404255
Jayson Tatum,Jayson Tatum_31,1,1.0,19.0,17.0,-0.10526315789473684
Jayson Tatum,Jayson Tatum_34,3,3.0,19.333333333333332,21.0,0.0862068965517242
Jayson Tatum,Jayson Tatum_38,8,8.0,18.375,20.0,0.08843537414965986
Jayson Tatum,Jayson Tatum_47,1,1.0,23.0,12.0,-0.4782608695652174
Jayson Tatum,Jayson Tatum_52,3,3.0,17.0,19.0,0.11764705882352941
Jayson Tatum,Jayson Tatum_57,1,1.0,15.0,23.0,0.5333333333333333
Jayson Tatum,Jayson Tatum_62,3,3.0,22.666666666666668,15.0,-0.3382352941176471
Jayson Tatum,Jayson Tatum_67,3,3.0,19.666666666666668,22.0,0.1186440677966101
Jimmy Butler,Jimmy Butler_0,2,2.0,11.5,11.0,-0.043478260869565216
Jimmy Butler,Jimmy Butler_6,2,2.0,7.5,12.0,0.6
Jimmy Butler,Jimmy Butler_17,1,1.0,8.0,21.0,1.625
Jimmy Butler,Jimmy Butler_23,1,1.0,7.0,9.0,0.2857142857142857
Jimmy Butler,Jimmy Butler_31,2,2.0,7.5,7.0,-0.06666666666666667
Jimmy Butler,Jimmy Butler_38,3,3.0,10.666666666666666,13.0,0.21875000000000006
Jimmy Butler,Jimmy Butler_42,1,1.0,15.0,15.0,0.0
Jimmy Butler,Jimmy Butler_44,2,2.0,12.5,5.0,-0.6
Jonas Valančiūnas,Jonas Valančiūnas_2,1,1.0,7.0,10.0,0.42857142857142855
Jonas Valančiūnas,Jonas Valančiūnas_4,1,1.0,8.0,10.0,0.25
Jonas Valančiūnas,Jonas Valančiūnas_15,1,1.0,4.0,11.0,1.75
Jonas Valančiūnas,Jonas Valančiūnas_23,4,4.0,7.25,8.0,0.10344827586206896
Jonas Valančiūnas,Jonas Valančiūnas_28,1,1.0,9.0,13.0,0.4444444444444444
Jonas Valančiūnas,Jonas Valančiūnas_31,1,1.0,9.0,5.0,-0.4444444444444444
Jonas Valančiūnas,Jonas Valančiūnas_35,1,1.0,8.0,5.0,-0.375
Jonas Valančiūnas,Jonas Valančiūnas_39,1,1.0,9.0,11.0,0.2222222222222222
Jonas Valančiūnas,Jonas Valančiūnas_46,4,4.0,10.25,2.0,-0.8048780487804879
Jonas Valančiūnas,Jonas Valančiūnas_58,1,1.0,15.0,14.0,-0.06666666666666667
Jonas Valančiūnas,Jonas Valančiūnas_61,4,4.0,7.5,5.0,-0.3333333333333333
Jonas Valančiūnas,Jonas Valančiūnas_66,2,2.0,9.0,11.0,0.2222222222222222
Jonas Valančiūnas,Jonas Valančiūnas_69,2,2.0,4.0,3.0,-0.25
Jonas Valančiūnas,Jonas Valančiūnas_72,2,2.0,3.0,6.0,1.0
Jonas Valančiūnas,Jonas Valančiūnas_76,1,1.0,2.0,5.0,1.5
Jonas Valančiūnas,Jonas Valančiūnas_78,1,1.0,4.0,5.0,0.25
Jordan Poole,Jordan Poole_6,3,3.0,14.333333333333334,22.0,0.5348837209302325
Jordan Poole,Jordan Poole_12,6,6.0,13.5,26.0,0.9259259259259259
Jordan Poole,Jordan Poole_29,3,3.0,15.666666666666666,25.0,0.5957446808510639
Jordan Poole,Jordan Poole_33,3,3.0,16.0,16.0,0.0
Jordan Poole,Jordan Poole_37,3,3.0,13.0,13.0,0.0
Jordan Poole,Jordan Poole_41,2,2.0,13.0,32.0,1.4615384615384615
Jordan Poole,Jordan Poole_45,1,1.0,18.0,29.0,0.6111111111111112
Jordan Poole,Jordan Poole_47,2,2.0,13.5,13.0,-0.037037037037037035
Jordan Poole,Jordan Poole_53,2,2.0,14.0,11.0,-0.21428571428571427
Jordan Poole,Jordan Poole_57,1,1.0,11.0,13.0,0.18181818181818182
Jordan Poole,Jordan Poole_63,1,1.0,9.0,17.0,0.8888888888888888
Jordan Poole,Jordan Poole_66,1,1.0,14.0,14.0,0.0
Josh Giddey,Josh Giddey_5,4,4.0,12.25,9.0,-0.2653061224489796
Josh Giddey,Josh Giddey_11,5,5.0,9.0,10.0,0.1111111111111111
Josh Giddey,Josh Giddey_20,2,2.0,11.5,5.0,-0.5652173913043478
Josh Giddey,Josh Giddey_23,2,2.0,11.5,13.0,0.13043478260869565
Josh Giddey,Josh Giddey_28,2,2.0,12.0,10.0,-0.16666666666666666
Josh Giddey,Josh Giddey_31,1,1.0,12.0,7.0,-0.4166666666666667
Josh Giddey,Josh Giddey_35,4,4.0,7.25,9.0,0.2413793103448276
Josh Giddey,Josh Giddey_41,1,1.0,13.0,8.0,-0.38461538461538464
Josh Giddey,Josh Giddey_48,2,2.0,10.5,8.0,-0.23809523809523808
Josh Giddey,Josh Giddey_56,2,2.0,14.5,15.0,0.034482758620689655
Josh Giddey,Josh Giddey_64,4,4.0,13.0,13.0,0.0
Josh Hart,Josh Hart_10,1,1.0,6.0,7.0,0.16666666666666666
Josh Hart,Josh Hart_23,1,1.0,9.0,12.0,0.3333333333333333
Josh Hart,Josh Hart_26,1,1.0,13.0,6.0,-0.5384615384615384
Josh Hart,Josh Hart_34,1,1.0,5.0,9.0,0.8
Josh Hart,Josh Hart_40,2,2.0,10.5,12.0,0.14285714285714285
Josh Hart,Josh Hart_45,2,2.0,9.0,16.0,0.7777777777777778
Josh Hart,Josh Hart_49,2,2.0,16.5,16.0,-0.030303030303030304
Josh Hart,Josh Hart_57,3,3.0,11.333333333333334,11.0,-0.029411764705882405
Josh Hart,Josh Hart_61,2,2.0,10.5,9.0,-0.14285714285714285
Josh Hart,Josh Hart_64,1,1.0,4.0,8.0,1.0
Josh Hart,Josh Hart_66,1,1.0,10.0,9.0,-0.1
Josh Hart,Josh Hart_68,1,1.0,9.0,8.0,-0.1111111111111111
Josh Hart,Josh Hart_72,1,1.0,19.0,8.0,-0.5789473684210527
Josh Hart,Josh Hart_74,2,2.0,10.0,6.0,-0.4
Julius Randle,Julius Randle_6,1,1.0,10.0,15.0,0.5
Julius Randle,Julius Randle_9,4,4.0,15.0,20.0,0.3333333333333333
Julius Randle,Julius Randle_22,3,3.0,13.666666666666666,17.0,0.2439024390243903
Julius Randle,Julius Randle_26,2,2.0,14.0,13.0,-0.07142857142857142
Julius Randle,Julius Randle_30,2,2.0,14.0,16.0,0.14285714285714285
Julius Randle,Julius Randle_34,1,1.0,10.0,11.0,0.1
Julius Randle,Julius Randle_39,2,2.0,12.0,12.0,0.0
Julius Randle,Julius Randle_42,4,4.0,15.75,16.0,0.015873015873015872
Julius Randle,Julius Randle_52,1,1.0,14.0,12.0,-0.14285714285714285
Julius Randle,Julius Randle_55,2,2.0,10.0,10.0,0.0
Julius Randle,Julius Randle_59,1,1.0,7.0,15.0,1.1428571428571428
Julius Randle,Julius Randle_63,3,3.0,10.0,22.0,1.2
Karl-Anthony Towns,Karl-Anthony Towns_4,2,2.0,17.5,23.0,0.3142857142857143
Karl-Anthony Towns,Karl-Anthony Towns_9,1,1.0,16.0,30.0,0.875
Karl-Anthony Towns,Karl-Anthony Towns_14,1,1.0,19.0,15.0,-0.21052631578947367
Karl-Anthony Towns,Karl-Anthony Towns_18,2,2.0,15.0,15.0,0.0
Karl-Anthony Towns,Karl-Anthony Towns_22,1,1.0,15.0,15.0,0.0
Karl-Anthony Towns,Karl-Anthony Towns_25,1,1.0,10.0,15.0,0.5
Karl-Anthony Towns,Karl-Anthony Towns_38,1,1.0,18.0,18.0,0.0
Karl-Anthony Towns,Karl-Anthony Towns_40,1,1.0,18.0,17.0,-0.05555555555555555
Karl-Anthony Towns,Karl-Anthony Towns_42,3,3.0,14.666666666666666,19.0,0.2954545454545455
Karl-Anthony Towns,Karl-Anthony Towns_46,1,1.0,8.0,23.0,1.875
Karl-Anthony Towns,Karl-Anthony Towns_49,1,1.0,30.0,15.0,-0.5
Karl-Anthony Towns,Karl-Anthony Towns_51,2,2.0,15.5,11.0,-0.2903225806451613
Karl-Anthony Towns,Karl-Anthony Towns_54,2,2.0,17.0,15.0,-0.11764705882352941
Karl-Anthony Towns,Karl-Anthony Towns_61,1,1.0,21.0,20.0,-0.047619047619047616
Karl-Anthony Towns,Karl-Anthony Towns_65,2,2.0,14.5,16.0,0.10344827586206896
Kawhi Leonard,Kawhi Leonard_0,3,3.0,10.333333333333334,11.0,0.06451612903225801
Kawhi Leonard,Kawhi Leonard_5,3,3.0,15.666666666666666,19.0,0.21276595744680857
Kawhi Leonard,Kawhi Leonard_10,4,4.0,13.5,19.0,0.4074074074074074
Kawhi Leonard,Kawhi Leonard_19,3,3.0,19.0,20.0,0.05263157894736842
Kawhi Leonard,Kawhi Leonard_30,1,1.0,22.0,18.0,-0.18181818181818182
Kawhi Leonard,Kawhi Leonard_34,1,1.0,22.0,21.0,-0.045454545454545456
Keegan Murray,Keegan Murray_2,5,5.0,11.6,17.0,0.4655172413793104
Keegan Murray,Keegan Murray_8,1,1.0,10.0,11.0,0.1
Keegan Murray,Keegan Murray_10,1,1.0,7.0,11.0,0.5714285714285714
Keegan Murray,Keegan Murray_12,4,4.0,10.25,14.0,0.36585365853658536
Keegan Murray,Keegan Murray_17,4,4.0,11.0,11.0,0.0
Keegan Murray,Keegan Murray_22,1,1.0,12.0,11.0,-0.08333333333333333
Keegan Murray,Keegan Murray_26,7,7.0,9.428571428571429,10.0,0.06060606060606058
Keegan Murray,Keegan Murray_38,4,4.0,10.0,7.0,-0.3
Keegan Murray,Keegan Murray_46,1,1.0,6.0,10.0,0.6666666666666666
Keegan Murray,Keegan Murray_50,1,1.0,5.0,11.0,1.2
Keegan Murray,Keegan Murray_57,1,1.0,7.0,14.0,1.0
Keegan Murray,Keegan Murray_60,4,4.0,12.0,11.0,-0.08333333333333333
Keldon Johnson,Keldon Johnson_0,1,1.0,9.0,11.0,0.2222222222222222
Keldon Johnson,Keldon Johnson_2,3,3.0,10.666666666666666,17.0,0.5937500000000001
Keldon Johnson,Keldon Johnson_11,3,3.0,9.333333333333334,15.0,0.6071428571428571
Keldon Johnson,Keldon Johnson_16,2,2.0,7.0,10.0,0.42857142857142855
Keldon Johnson,Keldon Johnson_19,1,1.0,10.0,17.0,0.7
Keldon Johnson,Keldon Johnson_21,1,1.0,16.0,5.0,-0.6875
Keldon Johnson,Keldon Johnson_24,3,3.0,6.666666666666667,11.0,0.6499999999999999
Keldon Johnson,Keldon Johnson_28,1,1.0,11.0,11.0,0.0
Keldon Johnson,Keldon Johnson_37,4,4.0,7.5,15.0,1.0
Keldon Johnson,Keldon Johnson_43,3,3.0,5.0,6.0,0.2
Keldon Johnson,Keldon Johnson_47,2,2.0,6.5,9.0,0.38461538461538464
Keldon Johnson,Keldon Johnson_61,1,1.0,11.0,12.0,0.09090909090909091
Keldon Johnson,Keldon Johnson_63,2,2.0,9.5,10.0,0.05263157894736842
Keldon Johnson,Keldon Johnson_66,3,3.0,11.666666666666666,12.0,0.028571428571428623
Keldon Johnson,Keldon Johnson_72,2,2.0,10.5,9.0,-0.14285714285714285
Kelly Oubre Jr.,Kelly Oubre Jr._2,4,4.0,14.25,12.0,-0.15789473684210525
Kelly Oubre Jr.,Kelly Oubre Jr._7,3,3.0,10.666666666666666,14.0,0.31250000000000006
Kelly Oubre Jr.,Kelly Oubre Jr._12,1,1.0,8.0,5.0,-0.375
Kelly Oubre Jr.,Kelly Oubre Jr._16,1,1.0,12.0,11.0,-0.08333333333333333
Kelly Oubre Jr.,Kelly Oubre Jr._22,1,1.0,13.0,11.0,-0.15384615384615385
Kelly Oubre Jr.,Kelly Oubre Jr._25,4,4.0,9.0,10.0,0.1111111111111111
Kelly Oubre Jr.,Kelly Oubre Jr._34,1,1.0,10.0,11.0,0.1
Kelly Oubre Jr.,Kelly Oubre Jr._38,1,1.0,9.0,16.0,0.7777777777777778
Kelly Oubre Jr.,Kelly Oubre Jr._44,3,3.0,14.0,11.0,-0.21428571428571427
Kelly Oubre Jr.,Kelly Oubre Jr._48,2,2.0,11.5,16.0,0.391304347826087
Kelly Oubre Jr.,Kelly Oubre Jr._52,1,1.0,16.0,13.0,-0.1875
Keon Johnson,Keon Johnson_0,4,4.0,2.75,6.0,1.1818181818181819
Keon Johnson,Keon Johnson_7,3,3.0,6.333333333333333,10.0,0.5789473684210527
Keon Johnson,Keon Johnson_12,2,2.0,2.5,3.0,0.2
Keon Johnson,Keon Johnson_20,2,2.0,6.5,9.0,0.38461538461538464
Keon Johnson,Keon Johnson_23,5,5.0,10.4,20.0,0.923076923076923
Keon Johnson,Keon Johnson_38,4,4.0,9.0,16.0,0.7777777777777778
Keon Johnson,Keon Johnson_50,8,8.0,12.125,5.0,-0.5876288659793815
Keon Johnson,Keon Johnson_60,1,1.0,2.0,10.0,4.0
Keon Johnson,Keon Johnson_62,2,2.0,4.0,15.0,2.75
Keon Johnson,Keon Johnson_67,4,4.0,10.75,11.0,0.023255813953488372
Kevin Durant,Kevin Durant_5,1,1.0,16.0,20.0,0.25
Kevin Durant,Kevin Durant_11,1,1.0,20.0,8.0,-0.6
Kevin Durant,Kevin Durant_14,1,1.0,23.0,27.0,0.17391304347826086
Kevin Durant,Kevin Durant_18,1,1.0,26.0,19.0,-0.2692307692307692
Kevin Durant,Kevin Durant_20,1,1.0,24.0,19.0,-0.20833333333333334
Kevin Durant,Kevin Durant_24,1,1.0,18.0,15.0,-0.16666666666666666
Kevin Durant,Kevin Durant_27,1,1.0,24.0,20.0,-0.16666666666666666
Kevin Durant,Kevin Durant_29,2,2.0,21.5,16.0,-0.2558139534883721
Kevin Durant,Kevin Durant_37,2,2.0,19.5,18.0,-0.07692307692307693
Kevin Durant,Kevin Durant_43,1,1.0,15.0,19.0,0.26666666666666666
Kevin Durant,Kevin Durant_47,1,1.0,23.0,22.0,-0.043478260869565216
Kevin Durant,Kevin Durant_54,1,1.0,17.0,7.0,-0.5882352941176471
Keyonte George,Keyonte George_0,6,6.0,14.833333333333334,18.0,0.21348314606741567
Keyonte George,Keyonte George_7,2,2.0,11.5,10.0,-0.13043478260869565
Keyonte George,Keyonte George_11,1,1.0,12.0,13.0,0.08333333333333333
Keyonte George,Keyonte George_17,1,1.0,8.0,10.0,0.25
Keyonte George,Keyonte George_23,1,1.0,11.0,17.0,0.5454545454545454
Keyonte George,Keyonte George_25,4,4.0,13.5,20.0,0.48148148148148145
Keyonte George,Keyonte George_32,3,3.0,12.0,7.0,-0.4166666666666667
Keyonte George,Keyonte George_43,1,1.0,12.0,12.0,0.0
Keyonte George,Keyonte George_46,3,3.0,14.0,21.0,0.5
Keyonte George,Keyonte George_51,2,2.0,17.0,7.0,-0.5882352941176471
Keyonte George,Keyonte George_56,2,2.0,7.5,11.0,0.4666666666666667
Keyonte George,Keyonte George_59,2,2.0,18.5,11.0,-0.40540540540540543
Klay Thompson,Klay Thompson_4,2,2.0,11.5,12.0,0.043478260869565216
Klay Thompson,Klay Thompson_8,2,2.0,13.0,17.0,0.3076923076923077
Klay Thompson,Klay Thompson_13,1,1.0,11.0,15.0,0.36363636363636365
Klay Thompson,Klay Thompson_15,3,3.0,8.333333333333334,9.0,0.07999999999999992
Klay Thompson,Klay Thompson_27,1,1.0,17.0,11.0,-0.35294117647058826
Klay Thompson,Klay Thompson_30,1,1.0,16.0,10.0,-0.375
Klay Thompson,Klay Thompson_32,1,1.0,6.0,19.0,2.1666666666666665
Klay Thompson,Klay Thompson_36,2,2.0,6.0,4.0,-0.3333333333333333
Klay Thompson,Klay Thompson_42,2,2.0,10.5,17.0,0.6190476190476191
Klay Thompson,Klay Thompson_45,1,1.0,14.0,15.0,0.07142857142857142
Klay Thompson,Klay Thompson_47,2,2.0,15.0,8.0,-0.4666666666666667
Klay Thompson,Klay Thompson_53,3,3.0,16.666666666666668,20.0,0.19999999999999993
Klay Thompson,Klay Thompson_59,1,1.0,16.0,15.0,-0.0625
Klay Thompson,Klay Thompson_62,2,2.0,10.0,10.0,0.0
Klay Thompson,Klay Thompson_66,1,1.0,16.0,11.0,-0.3125
Klay Thompson,Klay Thompson_68,1,1.0,3.0,10.0,2.3333333333333335
Kyle Kuzma,Kyle Kuzma_5,1,1.0,28.0,14.0,-0.5
Kyle Kuzma,Kyle Kuzma_17,5,5.0,12.4,12.0,-0.03225806451612906
Kyle Kuzma,Kyle Kuzma_23,3,3.0,13.333333333333334,24.0,0.7999999999999999
Kyle Kuzma,Kyle Kuzma_27,3,3.0,13.0,24.0,0.8461538461538461
Kyle Kuzma,Kyle Kuzma_39,3,3.0,11.666666666666666,10.0,-0.14285714285714282
Kyle Kuzma,Kyle Kuzma_44,6,6.0,10.5,16.0,0.5238095238095238
Kyle Kuzma,Kyle Kuzma_53,3,3.0,14.0,17.0,0.21428571428571427
Kyle Kuzma,Kyle Kuzma_59,1,1.0,13.0,13.0,0.0
Kyrie Irving,Kyrie Irving_0,2,2.0,19.5,14.0,-0.28205128205128205
Kyrie Irving,Kyrie Irving_14,6,6.0,21.333333333333332,16.0,-0.24999999999999994
Kyrie Irving,Kyrie Irving_24,1,1.0,25.0,14.0,-0.44
Kyrie Irving,Kyrie Irving_27,1,1.0,21.0,26.0,0.23809523809523808
Kyrie Irving,Kyrie Irving_30,1,1.0,18.0,19.0,0.05555555555555555
Kyrie Irving,Kyrie Irving_35,1,1.0,23.0,9.0,-0.6086956521739131
Kyrie Irving,Kyrie Irving_41,2,2.0,20.0,25.0,0.25
Kyrie Irving,Kyrie Irving_45,1,1.0,18.0,27.0,0.5
Kyrie Irving,Kyrie Irving_47,2,2.0,23.5,4.0,-0.8297872340425532
LaMelo Ball,LaMelo Ball_3,1,1.0,20.0,25.0,0.25
LaMelo Ball,LaMelo Ball_13,3,3.0,26.0,30.0,0.15384615384615385
LaMelo Ball,LaMelo Ball_19,1,1.0,32.0,18.0,-0.4375
LaMelo Ball,LaMelo Ball_31,2,2.0,15.5,19.0,0.22580645161290322
LaMelo Ball,LaMelo Ball_34,8,8.0,18.25,13.0,-0.2876712328767123
LaMelo Ball,LaMelo Ball_43,3,3.0,20.0,13.0,-0.35
LeBron James,LeBron James_0,1,1.0,16.0,13.0,-0.1875
LeBron James,LeBron James_3,1,1.0,14.0,13.0,-0.07142857142857142
LeBron James,LeBron James_11,2,2.0,15.5,17.0,0.0967741935483871
LeBron James,LeBron James_15,6,6.0,18.0,18.0,0.0
LeBron James,LeBron James_23,2,2.0,19.0,24.0,0.2631578947368421
LeBron James,LeBron James_37,4,4.0,20.0,16.0,-0.2
LeBron James,LeBron James_54,1,1.0,17.0,18.0,0.058823529411764705
LeBron James,LeBron James_60,4,4.0,16.25,15.0,-0.07692307692307693
Luka Dončić,Luka Dončić_0,1,1.0,25.0,25.0,0.0
Luka Dončić,Luka Dončić_2,3,3.0,24.666666666666668,22.0,-0.10810810810810816
Luka Dončić,Luka Dončić_12,1,1.0,16.0,16.0,0.0
Luka Dončić,Luka Dončić_18,1,1.0,15.0,23.0,0.5333333333333333
Luka Dončić,Luka Dončić_22,3,3.0,15.0,22.0,0.4666666666666667
Luka Dončić,Luka Dončić_26,3,3.0,19.666666666666668,17.0,-0.1355932203389831
Luka Dončić,Luka Dončić_33,1,1.0,26.0,27.0,0.038461538461538464
Luka Dončić,Luka Dončić_36,1,1.0,20.0,21.0,0.05
Luka Dončić,Luka Dončić_41,1,1.0,22.0,18.0,-0.18181818181818182
Luka Dončić,Luka Dončić_43,2,2.0,16.5,21.0,0.2727272727272727
Malik Beasley,Malik Beasley_0,1,1.0,13.0,11.0,-0.15384615384615385
Malik Beasley,Malik Beasley_3,6,6.0,11.333333333333334,14.0,0.23529411764705876
Malik Beasley,Malik Beasley_18,1,1.0,16.0,6.0,-0.625
Malik Beasley,Malik Beasley_22,1,1.0,10.0,16.0,0.6
Malik Beasley,Malik Beasley_25,1,1.0,7.0,18.0,1.5714285714285714
Malik Beasley,Malik Beasley_27,2,2.0,20.5,15.0,-0.2682926829268293
Malik Beasley,Malik Beasley_32,2,2.0,11.5,17.0,0.4782608695652174
Malik Beasley,Malik Beasley_35,1,1.0,10.0,17.0,0.7
Malik Beasley,Malik Beasley_37,1,1.0,21.0,10.0,-0.5238095238095238
Malik Beasley,Malik Beasley_40,1,1.0,10.0,9.0,-0.1
Malik Beasley,Malik Beasley_50,1,1.0,8.0,23.0,1.875
Malik Beasley,Malik Beasley_57,1,1.0,10.0,15.0,0.5
Malik Beasley,Malik Beasley_59,1,1.0,18.0,10.0,-0.4444444444444444
Malik Beasley,Malik Beasley_61,1,1.0,17.0,12.0,-0.29411764705882354
Malik Beasley,Malik Beasley_64,1,1.0,11.0,10.0,-0.09090909090909091
Malik Beasley,Malik Beasley_68,1,1.0,14.0,11.0,-0.21428571428571427
Malik Beasley,Malik Beasley_75,5,5.0,14.8,16.0,0.08108108108108103
Malik Monk,Malik Monk_3,2,2.0,10.0,16.0,0.6
Malik Monk,Malik Monk_18,1,1.0,11.0,19.0,0.7272727272727273
Malik Monk,Malik Monk_21,2,2.0,15.0,11.0,-0.26666666666666666
Malik Monk,Malik Monk_25,1,1.0,14.0,12.0,-0.14285714285714285
Malik Monk,Malik Monk_29,3,3.0,22.0,19.0,-0.13636363636363635
Malik Monk,Malik Monk_35,1,1.0,13.0,21.0,0.6153846153846154
Malik Monk,Malik Monk_41,6,6.0,16.666666666666668,11.0,-0.34
Malik Monk,Malik Monk_48,2,2.0,13.0,13.0,0.0
Malik Monk,Malik Monk_53,2,2.0,15.5,17.0,0.0967741935483871
Malik Monk,Malik Monk_59,3,3.0,12.0,12.0,0.0
Michael Porter Jr.,Michael Porter Jr._0,3,3.0,14.0,11.0,-0.21428571428571427
Michael Porter Jr.,Michael Porter Jr._11,2,2.0,16.5,12.0,-0.2727272727272727
Michael Porter Jr.,Michael Porter Jr._15,1,1.0,17.0,15.0,-0.11764705882352941
Michael Porter Jr.,Michael Porter Jr._20,1,1.0,14.0,17.0,0.21428571428571427
Michael Porter Jr.,Michael Porter Jr._25,1,1.0,8.0,12.0,0.5
Michael Porter Jr.,Michael Porter Jr._34,1,1.0,13.0,12.0,-0.07692307692307693
Michael Porter Jr.,Michael Porter Jr._36,2,2.0,14.5,9.0,-0.3793103448275862
Michael Porter Jr.,Michael Porter Jr._40,1,1.0,13.0,9.0,-0.3076923076923077
Michael Porter Jr.,Michael Porter Jr._46,1,1.0,8.0,14.0,0.75
Michael Porter Jr.,Michael Porter Jr._48,1,1.0,14.0,22.0,0.5714285714285714
Michael Porter Jr.,Michael Porter Jr._52,2,2.0,12.5,16.0,0.28
Michael Porter Jr.,Michael Porter Jr._55,1,1.0,22.0,15.0,-0.3181818181818182
Michael Porter Jr.,Michael Porter Jr._57,3,3.0,11.666666666666666,19.0,0.6285714285714287
Michael Porter Jr.,Michael Porter Jr._62,5,5.0,13.0,10.0,-0.23076923076923078
Michael Porter Jr.,Michael Porter Jr._68,2,2.0,17.0,9.0,-0.47058823529411764
Michael Porter Jr.,Michael Porter Jr._73,1,1.0,14.0,14.0,0.0
Michael Porter Jr.,Michael Porter Jr._75,1,1.0,8.0,12.0,0.5
Mikal Bridges,Mikal Bridges_3,7,7.0,13.571428571428571,15.0,0.10526315789473686
Mikal Bridges,Mikal Bridges_13,6,6.0,14.666666666666666,19.0,0.2954545454545455
Mikal Bridges,Mikal Bridges_32,1,1.0,15.0,17.0,0.13333333333333333
Mikal Bridges,Mikal Bridges_35,5,5.0,14.0,13.0,-0.07142857142857142
Mikal Bridges,Mikal Bridges_42,1,1.0,17.0,17.0,0.0
Mikal Bridges,Mikal Bridges_44,1,1.0,13.0,15.0,0.15384615384615385
Mikal Bridges,Mikal Bridges_47,3,3.0,16.0,13.0,-0.1875
Mikal Bridges,Mikal Bridges_51,2,2.0,11.0,8.0,-0.2727272727272727
Mikal Bridges,Mikal Bridges_54,3,3.0,14.0,18.0,0.2857142857142857
Mikal Bridges,Mikal Bridges_58,4,4.0,11.5,12.0,0.043478260869565216
Mikal Bridges,Mikal Bridges_67,2,2.0,12.0,20.0,0.6666666666666666
Mikal Bridges,Mikal Bridges_71,2,2.0,20.0,22.0,0.1
Mikal Bridges,Mikal Bridges_74,2,2.0,11.0,13.0,0.18181818181818182
Mikal Bridges,Mikal Bridges_78,1,1.0,15.0,10.0,-0.3333333333333333
Miles Bridges,Miles Bridges_0,1,1.0,11.0,17.0,0.5454545454545454
Miles Bridges,Miles Bridges_3,4,4.0,11.5,14.0,0.21739130434782608
Miles Bridges,Miles Bridges_11,1,1.0,16.0,19.0,0.1875
Miles Bridges,Miles Bridges_13,2,2.0,14.5,17.0,0.1724137931034483
Miles Bridges,Miles Bridges_18,4,4.0,19.75,15.0,-0.24050632911392406
Miles Bridges,Miles Bridges_33,1,1.0,17.0,18.0,0.058823529411764705
Miles Bridges,Miles Bridges_36,3,3.0,18.666666666666668,23.0,0.23214285714285707
Miles Bridges,Miles Bridges_42,3,3.0,17.0,20.0,0.17647058823529413
Miles Bridges,Miles Bridges_52,2,2.0,13.5,12.0,-0.1111111111111111
Miles Bridges,Miles Bridges_55,4,4.0,18.25,17.0,-0.0684931506849315
Myles Turner,Myles Turner_2,3,3.0,11.0,17.0,0.5454545454545454
Myles Turner,Myles Turner_6,2,2.0,15.0,15.0,0.0
Myles Turner,Myles Turner_9,2,2.0,9.0,23.0,1.5555555555555556
Myles Turner,Myles Turner_16,3,3.0,12.0,9.0,-0.25
Myles Turner,Myles Turner_22,2,2.0,8.5,8.0,-0.058823529411764705
Myles Turner,Myles Turner_28,2,2.0,10.0,8.0,-0.2
Myles Turner,Myles Turner_35,1,1.0,9.0,10.0,0.1111111111111111
Myles Turner,Myles Turner_40,2,2.0,14.5,10.0,-0.3103448275862069
Myles Turner,Myles Turner_56,1,1.0,12.0,13.0,0.08333333333333333
Myles Turner,Myles Turner_58,2,2.0,9.5,11.0,0.15789473684210525
Myles Turner,Myles Turner_62,1,1.0,10.0,9.0,-0.1
Myles Turner,Myles Turner_69,2,2.0,11.0,4.0,-0.6363636363636364
Naji Marshall,Naji Marshall_0,4,4.0,4.5,3.0,-0.3333333333333333
Naji Marshall,Naji Marshall_5,1,1.0,5.0,9.0,0.8
Naji Marshall,Naji Marshall_10,1,1.0,6.0,14.0,1.3333333333333333
Naji Marshall,Naji Marshall_12,1,1.0,9.0,6.0,-0.3333333333333333
Naji Marshall,Naji Marshall_19,1,1.0,5.0,11.0,1.2
Naji Marshall,Naji Marshall_21,1,1.0,12.0,8.0,-0.3333333333333333
Naji Marshall,Naji Marshall_23,2,2.0,4.5,3.0,-0.3333333333333333
Naji Marshall,Naji Marshall_26,3,3.0,11.666666666666666,12.0,0.028571428571428623
Naji Marshall,Naji Marshall_33,5,5.0,9.4,15.0,0.5957446808510638
Naji Marshall,Naji Marshall_46,2,2.0,9.0,13.0,0.4444444444444444
Naji Marshall,Naji Marshall_53,1,1.0,15.0,15.0,0.0
Naji Marshall,Naji Marshall_55,2,2.0,17.5,12.0,-0.3142857142857143
Naji Marshall,Naji Marshall_63,1,1.0,6.0,14.0,1.3333333333333333
Naz Reid,Naz Reid_7,1,1.0,7.0,11.0,0.5714285714285714
Naz Reid,Naz Reid_14,2,2.0,8.5,14.0,0.6470588235294118
Naz Reid,Naz Reid_17,2,2.0,8.0,11.0,0.375
Naz Reid,Naz Reid_20,6,6.0,8.166666666666666,11.0,0.3469387755102042
Naz Reid,Naz Reid_30,1,1.0,11.0,14.0,0.2727272727272727
Naz Reid,Naz Reid_35,1,1.0,16.0,9.0,-0.4375
Naz Reid,Naz Reid_47,1,1.0,10.0,19.0,0.9
Naz Reid,Naz Reid_50,1,1.0,16.0,16.0,0.0
Naz Reid,Naz Reid_52,2,2.0,14.5,18.0,0.2413793103448276
Naz Reid,Naz Reid_57,4,4.0,17.75,18.0,0.014084507042253521
Naz Reid,Naz Reid_66,2,2.0,9.5,16.0,0.6842105263157895
Naz Reid,Naz Reid_69,2,2.0,12.0,13.0,0.08333333333333333
Naz Reid,Naz Reid_73,1,1.0,3.0,9.0,2.0
Naz Reid,Naz Reid_75,1,1.0,10.0,12.0,0.2
Naz Reid,Naz Reid_77,1,1.0,13.0,6.0,-0.5384615384615384
Nic Claxton,Nic Claxton_1,1,1.0,4.0,6.0,0.5
Nic Claxton,Nic Claxton_5,3,3.0,5.0,5.0,0.0
Nic Claxton,Nic Claxton_10,1,1.0,3.0,9.0,2.0
Nic Claxton,Nic Claxton_18,2,2.0,9.0,5.0,-0.4444444444444444
Nic Claxton,Nic Claxton_22,4,4.0,9.25,11.0,0.1891891891891892
Nic Claxton,Nic Claxton_29,1,1.0,10.0,11.0,0.1
Nic Claxton,Nic Claxton_32,2,2.0,9.5,4.0,-0.5789473684210527
Nic Claxton,Nic Claxton_36,2,2.0,10.0,8.0,-0.2
Nic Claxton,Nic Claxton_46,2,2.0,11.0,11.0,0.0
Nic Claxton,Nic Claxton_51,3,3.0,7.666666666666667,5.0,-0.3478260869565218
Nic Claxton,Nic Claxton_58,2,2.0,6.0,5.0,-0.16666666666666666
Nic Claxton,Nic Claxton_61,1,1.0,9.0,11.0,0.2222222222222222
Nic Claxton,Nic Claxton_64,2,2.0,6.5,10.0,0.5384615384615384
Nikola Jokić,Nikola Jokić_0,1,1.0,13.0,26.0,1.0
Nikola Jokić,Nikola Jokić_6,2,2.0,21.0,13.0,-0.38095238095238093
Nikola Jokić,Nikola Jokić_12,1,1.0,20.0,19.0,-0.05
Nikola Jokić,Nikola Jokić_14,1,1.0,24.0,24.0,0.0
Nikola Jokić,Nikola Jokić_16,1,1.0,26.0,39.0,0.5
Nikola Jokić,Nikola Jokić_20,1,1.0,19.0,18.0,-0.05263157894736842
Nikola Jokić,Nikola Jokić_24,1,1.0,19.0,19.0,0.0
Nikola Jokić,Nikola Jokić_27,1,1.0,33.0,16.0,-0.5151515151515151
Nikola Jokić,Nikola Jokić_29,1,1.0,36.0,35.0,-0.027777777777777776
Nikola Jokić,Nikola Jokić_32,1,1.0,13.0,7.0,-0.46153846153846156
Nikola Jokić,Nikola Jokić_40,1,1.0,15.0,16.0,0.06666666666666667
Nikola Jokić,Nikola Jokić_48,1,1.0,20.0,22.0,0.1
Nikola Jokić,Nikola Jokić_50,1,1.0,7.0,14.0,1.0
Nikola Jokić,Nikola Jokić_55,1,1.0,18.0,22.0,0.2222222222222222
Nikola Jokić,Nikola Jokić_57,1,1.0,23.0,20.0,-0.13043478260869565
Nikola Jokić,Nikola Jokić_60,1,1.0,16.0,30.0,0.875
Nikola Jokić,Nikola Jokić_63,1,1.0,18.0,29.0,0.6111111111111112
Nikola Jokić,Nikola Jokić_66,1,1.0,33.0,12.0,-0.6363636363636364
Nikola Jokić,Nikola Jokić_68,1,1.0,19.0,10.0,-0.47368421052631576
Nikola Vučević,Nikola Vučević_4,1,1.0,16.0,11.0,-0.3125
Nikola Vučević,Nikola Vučević_15,1,1.0,15.0,14.0,-0.06666666666666667
Nikola Vučević,Nikola Vučević_19,1,1.0,20.0,16.0,-0.2
Nikola Vučević,Nikola Vučević_27,2,2.0,17.5,13.0,-0.2571428571428571
Nikola Vučević,Nikola Vučević_30,6,6.0,17.5,12.0,-0.3142857142857143
Nikola Vučević,Nikola Vučević_39,1,1.0,14.0,25.0,0.7857142857142857
Nikola Vučević,Nikola Vučević_42,2,2.0,12.0,12.0,0.0
Nikola Vučević,Nikola Vučević_45,2,2.0,16.0,12.0,-0.25
Nikola Vučević,Nikola Vučević_49,4,4.0,12.5,12.0,-0.04
Nikola Vučević,Nikola Vučević_57,1,1.0,6.0,10.0,0.6666666666666666
Nikola Vučević,Nikola Vučević_59,1,1.0,15.0,17.0,0.13333333333333333
Nikola Vučević,Nikola Vučević_63,1,1.0,12.0,10.0,-0.16666666666666666
Nikola Vučević,Nikola Vučević_66,1,1.0,12.0,12.0,0.0
Norman Powell,Norman Powell_0,1,1.0,16.0,21.0,0.3125
Norman Powell,Norman Powell_4,1,1.0,21.0,14.0,-0.3333333333333333
Norman Powell,Norman Powell_11,3,3.0,15.333333333333334,15.0,-0.021739130434782646
Norman Powell,Norman Powell_17,2,2.0,16.0,16.0,0.0
Norman Powell,Norman Powell_21,1,1.0,22.0,20.0,-0.09090909090909091
Norman Powell,Norman Powell_26,1,1.0,11.0,16.0,0.45454545454545453
Norman Powell,Norman Powell_41,1,1.0,20.0,18.0,-0.1
Norman Powell,Norman Powell_49,1,1.0,12.0,12.0,0.0
Norman Powell,Norman Powell_51,1,1.0,9.0,24.0,1.6666666666666667
Norman Powell,Norman Powell_54,1,1.0,11.0,11.0,0.0
Norman Powell,Norman Powell_56,2,2.0,16.0,11.0,-0.3125
OG Anunoby,OG Anunoby_0,3,3.0,10.666666666666666,6.0,-0.43749999999999994
OG Anunoby,OG Anunoby_7,1,1.0,12.0,14.0,0.16666666666666666
OG Anunoby,OG Anunoby_10,1,1.0,14.0,17.0,0.21428571428571427
OG Anunoby,OG Anunoby_17,3,3.0,12.0,10.0,-0.16666666666666666
OG Anunoby,OG Anunoby_23,5,5.0,12.8,15.0,0.17187499999999994
OG Anunoby,OG Anunoby_29,4,4.0,11.0,16.0,0.45454545454545453
OG Anunoby,OG Anunoby_35,2,2.0,11.5,13.0,0.13043478260869565
OG Anunoby,OG Anunoby_38,4,4.0,11.25,10.0,-0.1111111111111111
OG Anunoby,OG Anunoby_49,4,4.0,11.25,18.0,0.6
OG Anunoby,OG Anunoby_56,1,1.0,15.0,15.0,0.0
OG Anunoby,OG Anunoby_60,3,3.0,15.666666666666666,12.0,-0.23404255319148934
Obi Toppin,Obi Toppin_0,1,1.0,2.0,6.0,2.0
Obi Toppin,Obi Toppin_8,2,2.0,4.0,10.0,1.5
Obi Toppin,Obi Toppin_11,1,1.0,8.0,13.0,0.625
Obi Toppin,Obi Toppin_13,2,2.0,7.5,6.0,-0.2
Obi Toppin,Obi Toppin_16,1,1.0,8.0,3.0,-0.625
Obi Toppin,Obi Toppin_18,1,1.0,5.0,10.0,1.0
Obi Toppin,Obi Toppin_23,1,1.0,11.0,11.0,0.0
Obi Toppin,Obi Toppin_30,1,1.0,3.0,9.0,2.0
Obi Toppin,Obi Toppin_35,5,5.0,6.4,7.0,0.09374999999999994
Obi Toppin,Obi Toppin_41,2,2.0,4.0,11.0,1.75
Obi Toppin,Obi Toppin_45,2,2.0,5.5,8.0,0.45454545454545453
Obi Toppin,Obi Toppin_48,1,1.0,8.0,19.0,1.375
Obi Toppin,Obi Toppin_53,1,1.0,8.0,4.0,-0.5
Obi Toppin,Obi Toppin_57,3,3.0,6.333333333333333,2.0,-0.6842105263157895
Obi Toppin,Obi Toppin_62,1,1.0,9.0,19.0,1.1111111111111112
Obi Toppin,Obi Toppin_65,2,2.0,7.5,10.0,0.3333333333333333
Obi Toppin,Obi Toppin_72,1,1.0,8.0,4.0,-0.5
Obi Toppin,Obi Toppin_75,1,1.0,10.0,7.0,-0.3
Obi Toppin,Obi Toppin_77,1,1.0,8.0,6.0,-0.25
Onyeka Okongwu,Onyeka Okongwu_2,2,2.0,7.0,5.0,-0.2857142857142857
Onyeka Okongwu,Onyeka Okongwu_6,2,2.0,6.5,5.0,-0.23076923076923078
Onyeka Okongwu,Onyeka Okongwu_11,1,1.0,9.0,5.0,-0.4444444444444444
Onyeka Okongwu,Onyeka Okongwu_13,3,3.0,8.666666666666666,7.0,-0.19230769230769226
Onyeka Okongwu,Onyeka Okongwu_28,3,3.0,6.333333333333333,14.0,1.210526315789474
Onyeka Okongwu,Onyeka Okongwu_35,1,1.0,7.0,8.0,0.14285714285714285
Onyeka Okongwu,Onyeka Okongwu_38,1,1.0,9.0,4.0,-0.5555555555555556
Onyeka Okongwu,Onyeka Okongwu_44,3,3.0,8.333333333333334,10.0,0.19999999999999993
Onyeka Okongwu,Onyeka Okongwu_51,1,1.0,15.0,12.0,-0.2
Onyeka Okongwu,Onyeka Okongwu_54,1,1.0,7.0,8.0,0.14285714285714285
Onyeka Okongwu,Onyeka Okongwu_58,1,1.0,12.0,10.0,-0.16666666666666666
Onyeka Okongwu,Onyeka Okongwu_64,2,2.0,13.0,8.0,-0.38461538461538464
Onyeka Okongwu,Onyeka Okongwu_69,1,1.0,4.0,18.0,3.5
P.J. Washington,P.J. Washington_1,2,2.0,10.5,13.0,0.23809523809523808
P.J. Washington,P.J. Washington_4,1,1.0,6.0,4.0,-0.3333333333333333
P.J. Washington,P.J. Washington_6,2,2.0,6.5,13.0,1.0
P.J. Washington,P.J. Washington_9,1,1.0,9.0,15.0,0.6666666666666666
P.J. Washington,P.J. Washington_18,1,1.0,12.0,7.0,-0.4166666666666667
P.J. Washington,P.J. Washington_21,1,1.0,11.0,8.0,-0.2727272727272727
P.J. Washington,P.J. Washington_23,1,1.0,8.0,5.0,-0.375
P.J. Washington,P.J. Washington_26,3,3.0,16.0,14.0,-0.125
P.J. Washington,P.J. Washington_31,3,3.0,10.0,8.0,-0.2
P.J. Washington,P.J. Washington_35,1,1.0,15.0,22.0,0.4666666666666667
Paolo Banchero,Paolo Banchero_1,2,2.0,12.5,26.0,1.08
Paolo Banchero,Paolo Banchero_8,2,2.0,18.0,19.0,0.05555555555555555
Paolo Banchero,Paolo Banchero_11,6,6.0,20.5,15.0,-0.2682926829268293
Paolo Banchero,Paolo Banchero_19,1,1.0,17.0,22.0,0.29411764705882354
Paolo Banchero,Paolo Banchero_23,1,1.0,21.0,12.0,-0.42857142857142855
Paolo Banchero,Paolo Banchero_34,1,1.0,22.0,21.0,-0.045454545454545456
Pascal Siakam,Pascal Siakam_1,1,1.0,11.0,11.0,0.0
Pascal Siakam,Pascal Siakam_9,1,1.0,13.0,11.0,-0.15384615384615385
Pascal Siakam,Pascal Siakam_11,1,1.0,14.0,11.0,-0.21428571428571427
Pascal Siakam,Pascal Siakam_13,1,1.0,20.0,14.0,-0.3
Pascal Siakam,Pascal Siakam_17,1,1.0,13.0,20.0,0.5384615384615384
Pascal Siakam,Pascal Siakam_19,4,4.0,14.25,15.0,0.05263157894736842
Pascal Siakam,Pascal Siakam_24,1,1.0,8.0,11.0,0.375
Pascal Siakam,Pascal Siakam_27,1,1.0,22.0,14.0,-0.36363636363636365
Pascal Siakam,Pascal Siakam_35,2,2.0,16.5,17.0,0.030303030303030304
Pascal Siakam,Pascal Siakam_39,1,1.0,21.0,16.0,-0.23809523809523808
Pascal Siakam,Pascal Siakam_48,1,1.0,14.0,19.0,0.35714285714285715
Pascal Siakam,Pascal Siakam_52,5,5.0,14.4,21.0,0.4583333333333333
Pascal Siakam,Pascal Siakam_59,1,1.0,19.0,18.0,-0.05263157894736842
Pascal Siakam,Pascal Siakam_61,2,2.0,15.5,15.0,-0.03225806451612903
Pascal Siakam,Pascal Siakam_67,4,4.0,14.0,8.0,-0.42857142857142855
Pascal Siakam,Pascal Siakam_72,3,3.0,13.666666666666666,16.0,0.1707317073170732
Payton Pritchard,Payton Pritchard_0,1,1.0,10.0,11.0,0.1
Payton Pritchard,Payton Pritchard_5,1,1.0,6.0,15.0,1.5
Payton Pritchard,Payton Pritchard_11,1,1.0,8.0,13.0,0.625
Payton Pritchard,Payton Pritchard_13,1,1.0,8.0,9.0,0.125
Payton Pritchard,Payton Pritchard_22,1,1.0,3.0,12.0,3.0
Payton Pritchard,Payton Pritchard_27,4,4.0,9.75,13.0,0.3333333333333333
Payton Pritchard,Payton Pritchard_33,1,1.0,8.0,10.0,0.25
Payton Pritchard,Payton Pritchard_35,4,4.0,8.0,11.0,0.375
Payton Pritchard,Payton Pritchard_43,2,2.0,11.5,4.0,-0.6521739130434783
Payton Pritchard,Payton Pritchard_48,1,1.0,4.0,7.0,0.75
Payton Pritchard,Payton Pritchard_52,2,2.0,10.5,18.0,0.7142857142857143
Payton Pritchard,Payton Pritchard_55,1,1.0,5.0,17.0,2.4
Payton Pritchard,Payton Pritchard_62,4,4.0,9.5,11.0,0.15789473684210525
Payton Pritchard,Payton Pritchard_71,3,3.0,8.333333333333334,5.0,-0.4
Payton Pritchard,Payton Pritchard_77,1,1.0,17.0,11.0,-0.35294117647058826
Quentin Grimes,Quentin Grimes_0,3,3.0,3.3333333333333335,5.0,0.49999999999999994
Quentin Grimes,Quentin Grimes_4,1,1.0,1.0,4.0,3.0
Quentin Grimes,Quentin Grimes_6,1,1.0,1.0,6.0,5.0
Quentin Grimes,Quentin Grimes_11,1,1.0,5.0,5.0,0.0
Quentin Grimes,Quentin Grimes_15,1,1.0,8.0,13.0,0.625
Quentin Grimes,Quentin Grimes_21,2,2.0,3.5,12.0,2.4285714285714284
Quentin Grimes,Quentin Grimes_26,3,3.0,8.0,10.0,0.25
Quentin Grimes,Quentin Grimes_30,2,2.0,12.5,14.0,0.12
Quentin Grimes,Quentin Grimes_33,1,1.0,13.0,17.0,0.3076923076923077
Quentin Grimes,Quentin Grimes_36,2,2.0,6.0,11.0,0.8333333333333334
Quentin Grimes,Quentin Grimes_40,1,1.0,7.0,5.0,-0.2857142857142857
Quentin Grimes,Quentin Grimes_45,2,2.0,7.5,9.0,0.2
Quentin Grimes,Quentin Grimes_48,2,2.0,11.5,18.0,0.5652173913043478
Quentin Grimes,Quentin Grimes_51,1,1.0,12.0,12.0,0.0
Quentin Grimes,Quentin Grimes_54,1,1.0,4.0,24.0,5.0
Quentin Grimes,Quentin Grimes_56,1,1.0,15.0,18.0,0.2
Quentin Grimes,Quentin Grimes_58,1,1.0,11.0,13.0,0.18181818181818182
RJ Barrett,RJ Barrett_0,1,1.0,21.0,18.0,-0.14285714285714285
RJ Barrett,RJ Barrett_4,7,7.0,18.428571428571427,21.0,0.13953488372093031
RJ Barrett,RJ Barrett_13,2,2.0,18.5,15.0,-0.1891891891891892
RJ Barrett,RJ Barrett_19,2,2.0,16.0,24.0,0.5
RJ Barrett,RJ Barrett_22,2,2.0,21.0,13.0,-0.38095238095238093
RJ Barrett,RJ Barrett_30,4,4.0,16.0,9.0,-0.4375
RJ Barrett,RJ Barrett_37,4,4.0,16.75,18.0,0.07462686567164178
RJ Barrett,RJ Barrett_45,2,2.0,17.0,13.0,-0.23529411764705882
RJ Barrett,RJ Barrett_50,4,4.0,15.5,22.0,0.41935483870967744
Rudy Gobert,Rudy Gobert_1,1,1.0,2.0,8.0,3.0
Rudy Gobert,Rudy Gobert_3,1,1.0,5.0,10.0,1.0
Rudy Gobert,Rudy Gobert_5,1,1.0,8.0,5.0,-0.375
Rudy Gobert,Rudy Gobert_11,1,1.0,8.0,7.0,-0.125
Rudy Gobert,Rudy Gobert_13,1,1.0,8.0,5.0,-0.375
Rudy Gobert,Rudy Gobert_18,1,1.0,7.0,8.0,0.14285714285714285
Rudy Gobert,Rudy Gobert_22,1,1.0,3.0,8.0,1.6666666666666667
Rudy Gobert,Rudy Gobert_24,2,2.0,6.0,8.0,0.3333333333333333
Rudy Gobert,Rudy Gobert_27,1,1.0,4.0,7.0,0.75
Rudy Gobert,Rudy Gobert_29,3,3.0,7.666666666666667,5.0,-0.3478260869565218
Rudy Gobert,Rudy Gobert_33,2,2.0,7.0,4.0,-0.42857142857142855
Rudy Gobert,Rudy Gobert_36,1,1.0,8.0,6.0,-0.25
Rudy Gobert,Rudy Gobert_42,1,1.0,5.0,4.0,-0.2
Rudy Gobert,Rudy Gobert_46,1,1.0,5.0,8.0,0.6
Rudy Gobert,Rudy Gobert_48,1,1.0,12.0,9.0,-0.25
Rudy Gobert,Rudy Gobert_50,1,1.0,7.0,8.0,0.14285714285714285
Rudy Gobert,Rudy Gobert_56,1,1.0,8.0,7.0,-0.125
Rudy Gobert,Rudy Gobert_58,2,2.0,3.5,4.0,0.14285714285714285
Rudy Gobert,Rudy Gobert_64,1,1.0,16.0,11.0,-0.3125
Russell Westbrook,Russell Westbrook_0,3,3.0,8.333333333333334,12.0,0.4399999999999999
Russell Westbrook,Russell Westbrook_4,2,2.0,9.5,10.0,0.05263157894736842
Russell Westbrook,Russell Westbrook_9,5,5.0,10.6,10.0,-0.05660377358490563
Russell Westbrook,Russell Westbrook_17,4,4.0,8.25,6.0,-0.2727272727272727
Russell Westbrook,Russell Westbrook_22,1,1.0,9.0,13.0,0.4444444444444444
Russell Westbrook,Russell Westbrook_28,1,1.0,13.0,6.0,-0.5384615384615384
Russell Westbrook,Russell Westbrook_33,1,1.0,11.0,18.0,0.6363636363636364
Russell Westbrook,Russell Westbrook_38,2,2.0,12.5,7.0,-0.44
Russell Westbrook,Russell Westbrook_48,6,6.0,11.333333333333334,20.0,0.7647058823529411
Russell Westbrook,Russell Westbrook_56,1,1.0,9.0,10.0,0.1111111111111111
Russell Westbrook,Russell Westbrook_61,6,6.0,13.166666666666666,10.0,-0.24050632911392403
Russell Westbrook,Russell Westbrook_68,3,3.0,15.0,10.0,-0.3333333333333333
Russell Westbrook,Russell Westbrook_72,1,1.0,11.0,9.0,-0.18181818181818182
Santi Aldama,Santi Aldama_1,1,1.0,2.0,12.0,5.0
Santi Aldama,Santi Aldama_3,2,2.0,9.0,14.0,0.5555555555555556
Santi Aldama,Santi Aldama_6,4,4.0,11.75,11.0,-0.06382978723404255
Santi Aldama,Santi Aldama_12,2,2.0,7.0,19.0,1.7142857142857142
Santi Aldama,Santi Aldama_16,2,2.0,11.0,7.0,-0.36363636363636365
Santi Aldama,Santi Aldama_26,1,1.0,8.0,16.0,1.0
Santi Aldama,Santi Aldama_31,1,1.0,12.0,7.0,-0.4166666666666667
Santi Aldama,Santi Aldama_33,1,1.0,5.0,15.0,2.0
Santi Aldama,Santi Aldama_36,4,4.0,9.25,17.0,0.8378378378378378
Santi Aldama,Santi Aldama_42,1,1.0,7.0,8.0,0.14285714285714285
Santi Aldama,Santi Aldama_46,2,2.0,11.5,11.0,-0.043478260869565216
Santi Aldama,Santi Aldama_50,3,3.0,11.0,10.0,-0.09090909090909091
Santi Aldama,Santi Aldama_56,3,3.0,12.333333333333334,11.0,-0.10810810810810816
Scottie Barnes,Scottie Barnes_0,1,1.0,14.0,11.0,-0.21428571428571427
Scottie Barnes,Scottie Barnes_7,1,1.0,23.0,15.0,-0.34782608695652173
Scottie Barnes,Scottie Barnes_15,2,2.0,17.5,20.0,0.14285714285714285
Scottie Barnes,Scottie Barnes_19,1,1.0,19.0,18.0,-0.05263157894736842
Scottie Barnes,Scottie Barnes_28,2,2.0,14.5,17.0,0.1724137931034483
Scottie Barnes,Scottie Barnes_32,1,1.0,21.0,19.0,-0.09523809523809523
Scottie Barnes,Scottie Barnes_34,6,6.0,18.666666666666668,16.0,-0.1428571428571429
Scottie Barnes,Scottie Barnes_46,8,8.0,14.875,16.0,0.07563025210084033
Scottie Barnes,Scottie Barnes_56,8,8.0,15.125,23.0,0.5206611570247934
Shaedon Sharpe,Shaedon Sharpe_1,3,3.0,11.0,23.0,1.0909090909090908
Shaedon Sharpe,Shaedon Sharpe_10,3,3.0,18.0,7.0,-0.6111111111111112
Shaedon Sharpe,Shaedon Sharpe_14,4,4.0,13.0,18.0,0.38461538461538464
Shaedon Sharpe,Shaedon Sharpe_20,1,1.0,14.0,18.0,0.2857142857142857
Shaedon Sharpe,Shaedon Sharpe_23,4,4.0,15.5,13.0,-0.16129032258064516
Shaedon Sharpe,Shaedon Sharpe_29,1,1.0,20.0,17.0,-0.15
Shaedon Sharpe,Shaedon Sharpe_32,2,2.0,16.0,9.0,-0.4375
Shaedon Sharpe,Shaedon Sharpe_35,4,4.0,12.0,14.0,0.16666666666666666
Shaedon Sharpe,Shaedon Sharpe_42,1,1.0,17.0,18.0,0.058823529411764705
Shaedon Sharpe,Shaedon Sharpe_44,4,4.0,12.75,12.0,-0.058823529411764705
Shaedon Sharpe,Shaedon Sharpe_49,1,1.0,13.0,26.0,1.0
Shaedon Sharpe,Shaedon Sharpe_52,2,2.0,18.5,18.0,-0.02702702702702703
Shaedon Sharpe,Shaedon Sharpe_56,5,5.0,13.8,13.0,-0.05797101449275367
Shaedon Sharpe,Shaedon Sharpe_64,1,1.0,20.0,15.0,-0.25
Shaedon Sharpe,Shaedon Sharpe_69,2,2.0,20.0,23.0,0.15
Shai Gilgeous-Alexander,Shai Gilgeous-Alexander_0,2,2.0,22.5,24.0,0.06666666666666667
Shai Gilgeous-Alexander,Shai Gilgeous-Alexander_3,1,1.0,20.0,18.0,-0.1
Shai Gilgeous-Alexander,Shai Gilgeous-Alexander_9,1,1.0,17.0,21.0,0.23529411764705882
Shai Gilgeous-Alexander,Shai Gilgeous-Alexander_11,2,2.0,25.0,19.0,-0.24
Shai Gilgeous-Alexander,Shai Gilgeous-Alexander_15,1,1.0,19.0,20.0,0.05263157894736842
Shai Gilgeous-Alexander,Shai Gilgeous-Alexander_17,2,2.0,28.0,19.0,-0.32142857142857145
Shai Gilgeous-Alexander,Shai Gilgeous-Alexander_24,1,1.0,21.0,26.0,0.23809523809523808
Shai Gilgeous-Alexander,Shai Gilgeous-Alexander_26,1,1.0,25.0,25.0,0.0
Shai Gilgeous-Alexander,Shai Gilgeous-Alexander_33,1,1.0,26.0,23.0,-0.11538461538461539
Shai Gilgeous-Alexander,Shai Gilgeous-Alexander_35,1,1.0,27.0,21.0,-0.2222222222222222
Shai Gilgeous-Alexander,Shai Gilgeous-Alexander_37,1,1.0,17.0,15.0,-0.11764705882352941
Shai Gilgeous-Alexander,Shai Gilgeous-Alexander_42,1,1.0,25.0,25.0,0.0
Shai Gilgeous-Alexander,Shai Gilgeous-Alexander_49,1,1.0,26.0,20.0,-0.23076923076923078
Shai Gilgeous-Alexander,Shai Gilgeous-Alexander_52,2,2.0,18.5,24.0,0.2972972972972973
Shai Gilgeous-Alexander,Shai Gilgeous-Alexander_61,1,1.0,32.0,14.0,-0.5625
Shai Gilgeous-Alexander,Shai Gilgeous-Alexander_65,1,1.0,27.0,18.0,-0.3333333333333333
Shai Gilgeous-Alexander,Shai Gilgeous-Alexander_67,1,1.0,29.0,23.0,-0.20689655172413793
Shai Gilgeous-Alexander,Shai Gilgeous-Alexander_72,3,3.0,23.666666666666668,26.0,0.0985915492957746
Stephen Curry,Stephen Curry_1,1,1.0,20.0,11.0,-0.45
Stephen Curry,Stephen Curry_12,1,1.0,16.0,17.0,0.0625
Stephen Curry,Stephen Curry_14,3,3.0,20.333333333333332,18.0,-0.11475409836065568
Stephen Curry,Stephen Curry_20,1,1.0,7.0,21.0,2.0
Stephen Curry,Stephen Curry_22,1,1.0,13.0,24.0,0.8461538461538461
Stephen Curry,Stephen Curry_24,2,2.0,18.0,15.0,-0.16666666666666666
Stephen Curry,Stephen Curry_29,1,1.0,21.0,17.0,-0.19047619047619047
Stephen Curry,Stephen Curry_33,1,1.0,16.0,11.0,-0.3125
Stephen Curry,Stephen Curry_36,1,1.0,17.0,15.0,-0.11764705882352941
Stephen Curry,Stephen Curry_38,4,4.0,25.25,19.0,-0.24752475247524752
Stephen Curry,Stephen Curry_44,1,1.0,23.0,17.0,-0.2608695652173913
Stephen Curry,Stephen Curry_48,1,1.0,14.0,25.0,0.7857142857142857
Stephen Curry,Stephen Curry_58,1,1.0,21.0,8.0,-0.6190476190476191
Stephen Curry,Stephen Curry_60,2,2.0,15.5,31.0,1.0
Stephen Curry,Stephen Curry_65,1,1.0,10.0,17.0,0.7
Stephen Curry,Stephen Curry_68,1,1.0,14.0,20.0,0.42857142857142855
Stephon Castle,Stephon Castle_1,7,7.0,7.0,11.0,0.5714285714285714
Stephon Castle,Stephon Castle_14,9,9.0,13.444444444444445,15.0,0.11570247933884296
Stephon Castle,Stephon Castle_24,3,3.0,9.333333333333334,9.0,-0.035714285714285775
Stephon Castle,Stephon Castle_28,3,3.0,5.0,8.0,0.6
Stephon Castle,Stephon Castle_35,1,1.0,12.0,16.0,0.3333333333333333
Stephon Castle,Stephon Castle_41,1,1.0,20.0,15.0,-0.25
Stephon Castle,Stephon Castle_51,5,5.0,11.4,16.0,0.40350877192982454
Stephon Castle,Stephon Castle_70,5,5.0,16.6,16.0,-0.036144578313253094
T.J. McConnell,T.J. McConnell_3,3,3.0,7.666666666666667,10.0,0.3043478260869565
T.J. McConnell,T.J. McConnell_9,1,1.0,9.0,10.0,0.1111111111111111
T.J. McConnell,T.J. McConnell_12,1,1.0,11.0,12.0,0.09090909090909091
T.J. McConnell,T.J. McConnell_17,2,2.0,9.0,9.0,0.0
T.J. McConnell,T.J. McConnell_30,5,5.0,7.6,4.0,-0.47368421052631576
T.J. McConnell,T.J. McConnell_36,5,5.0,7.8,7.0,-0.10256410256410255
T.J. McConnell,T.J. McConnell_42,1,1.0,9.0,9.0,0.0
T.J. McConnell,T.J. McConnell_45,2,2.0,5.0,11.0,1.2
T.J. McConnell,T.J. McConnell_48,1,1.0,8.0,6.0,-0.25
T.J. McConnell,T.J. McConnell_51,1,1.0,12.0,3.0,-0.75
T.J. McConnell,T.J. McConnell_54,1,1.0,8.0,5.0,-0.375
T.J. McConnell,T.J. McConnell_56,4,4.0,5.0,9.0,0.8
T.J. McConnell,T.J. McConnell_62,3,3.0,8.666666666666666,3.0,-0.6538461538461539
T.J. McConnell,T.J. McConnell_68,1,1.0,6.0,7.0,0.16666666666666666
T.J. McConnell,T.J. McConnell_72,1,1.0,10.0,7.0,-0.3
T.J. McConnell,T.J. McConnell_75,2,2.0,5.5,7.0,0.2727272727272727
Tobias Harris,Tobias Harris_2,3,3.0,13.333333333333334,8.0,-0.4
Tobias Harris,Tobias Harris_12,4,4.0,13.5,16.0,0.18518518518518517
Tobias Harris,Tobias Harris_17,2,2.0,9.5,8.0,-0.15789473684210525
Tobias Harris,Tobias Harris_20,1,1.0,8.0,10.0,0.25
Tobias Harris,Tobias Harris_25,1,1.0,13.0,5.0,-0.6153846153846154
Tobias Harris,Tobias Harris_27,3,3.0,7.666666666666667,9.0,0.17391304347826084
Tobias Harris,Tobias Harris_37,2,2.0,11.5,15.0,0.30434782608695654
Tobias Harris,Tobias Harris_40,5,5.0,9.4,12.0,0.276595744680851
Tobias Harris,Tobias Harris_48,1,1.0,9.0,16.0,0.7777777777777778
Tobias Harris,Tobias Harris_54,1,1.0,12.0,13.0,0.08333333333333333
Tobias Harris,Tobias Harris_64,1,1.0,8.0,9.0,0.125
Tobias Harris,Tobias Harris_66,2,2.0,13.0,10.0,-0.23076923076923078
Toumani Camara,Toumani Camara_1,1,1.0,6.0,8.0,0.3333333333333333
Toumani Camara,Toumani Camara_3,1,1.0,3.0,10.0,2.3333333333333335
Toumani Camara,Toumani Camara_6,4,4.0,7.75,5.0,-0.3548387096774194
Toumani Camara,Toumani Camara_13,1,1.0,8.0,11.0,0.375
Toumani Camara,Toumani Camara_15,3,3.0,12.666666666666666,4.0,-0.6842105263157895
Toumani Camara,Toumani Camara_22,1,1.0,4.0,6.0,0.5
Toumani Camara,Toumani Camara_27,4,4.0,6.5,13.0,1.0
Toumani Camara,Toumani Camara_35,6,6.0,10.333333333333334,9.0,-0.12903225806451618
Toumani Camara,Toumani Camara_49,4,4.0,9.75,8.0,-0.1794871794871795
Toumani Camara,Toumani Camara_55,2,2.0,9.5,11.0,0.15789473684210525
Toumani Camara,Toumani Camara_61,3,3.0,9.333333333333334,10.0,0.07142857142857136
Toumani Camara,Toumani Camara_70,1,1.0,8.0,8.0,0.0
Toumani Camara,Toumani Camara_73,1,1.0,8.0,16.0,1.0
Toumani Camara,Toumani Camara_75,2,2.0,15.5,7.0,-0.5483870967741935
Trae Young,Trae Young_3,3,3.0,21.333333333333332,15.0,-0.29687499999999994
Trae Young,Trae Young_7,2,2.0,15.5,25.0,0.6129032258064516
Trae Young,Trae Young_10,2,2.0,17.0,16.0,-0.058823529411764705
Trae Young,Trae Young_13,3,3.0,12.333333333333334,12.0,-0.027027027027027074
Trae Young,Trae Young_17,1,1.0,18.0,12.0,-0.3333333333333333
Trae Young,Trae Young_20,5,5.0,19.0,18.0,-0.05263157894736842
Trae Young,Trae Young_29,1,1.0,13.0,21.0,0.6153846153846154
Trae Young,Trae Young_39,5,5.0,15.2,26.0,0.7105263157894738
Trae Young,Trae Young_47,1,1.0,22.0,26.0,0.18181818181818182
Trae Young,Trae Young_49,2,2.0,23.0,28.0,0.21739130434782608
Trae Young,Trae Young_53,6,6.0,16.333333333333332,24.0,0.46938775510204095
Trae Young,Trae Young_61,1,1.0,18.0,18.0,0.0
Trae Young,Trae Young_68,4,4.0,17.75,16.0,-0.09859154929577464
Trey Murphy III,Trey Murphy III_0,3,3.0,13.666666666666666,13.0,-0.04878048780487801
Trey Murphy III,Trey Murphy III_6,3,3.0,16.333333333333332,11.0,-0.32653061224489793
Trey Murphy III,Trey Murphy III_13,1,1.0,16.0,17.0,0.0625
Trey Murphy III,Trey Murphy III_21,2,2.0,19.0,17.0,-0.10526315789473684
Trey Murphy III,Trey Murphy III_29,2,2.0,15.5,17.0,0.0967741935483871
Trey Murphy III,Trey Murphy III_35,1,1.0,18.0,15.0,-0.16666666666666666
Trey Murphy III,Trey Murphy III_37,8,8.0,16.875,12.0,-0.28888888888888886
Trey Murphy III,Trey Murphy III_47,4,4.0,16.0,16.0,0.0
Ty Jerome,Ty Jerome_3,1,1.0,5.0,7.0,0.4
Ty Jerome,Ty Jerome_5,1,1.0,9.0,2.0,-0.7777777777777778
Ty Jerome,Ty Jerome_10,1,1.0,4.0,9.0,1.25
Ty Jerome,Ty Jerome_13,1,1.0,8.0,15.0,0.875
Ty Jerome,Ty Jerome_18,8,8.0,6.125,10.0,0.6326530612244898
Ty Jerome,Ty Jerome_27,5,5.0,8.0,5.0,-0.375
Ty Jerome,Ty Jerome_33,1,1.0,10.0,7.0,-0.3
Ty Jerome,Ty Jerome_38,1,1.0,9.0,12.0,0.3333333333333333
Ty Jerome,Ty Jerome_41,1,1.0,8.0,11.0,0.375
Ty Jerome,Ty Jerome_45,2,2.0,8.0,7.0,-0.125
Ty Jerome,Ty Jerome_48,1,1.0,12.0,8.0,-0.3333333333333333
Ty Jerome,Ty Jerome_54,1,1.0,10.0,17.0,0.7
Ty Jerome,Ty Jerome_57,1,1.0,12.0,4.0,-0.6666666666666666
Ty Jerome,Ty Jerome_59,1,1.0,9.0,8.0,-0.1111111111111111
Ty Jerome,Ty Jerome_62,2,2.0,12.0,8.0,-0.3333333333333333
Tyler Herro,Tyler Herro_2,1,1.0,20.0,20.0,0.0
Tyler Herro,Tyler Herro_13,2,2.0,19.5,22.0,0.1282051282051282
Tyler Herro,Tyler Herro_18,1,1.0,19.0,19.0,0.0
Tyler Herro,Tyler Herro_23,5,5.0,19.2,15.0,-0.21874999999999997
Tyler Herro,Tyler Herro_32,3,3.0,17.0,16.0,-0.058823529411764705
Tyler Herro,Tyler Herro_41,1,1.0,19.0,14.0,-0.2631578947368421
Tyler Herro,Tyler Herro_43,4,4.0,19.5,20.0,0.02564102564102564
Tyler Herro,Tyler Herro_48,2,2.0,17.0,30.0,0.7647058823529411
Tyler Herro,Tyler Herro_53,1,1.0,19.0,16.0,-0.15789473684210525
Tyler Herro,Tyler Herro_55,2,2.0,24.5,10.0,-0.5918367346938775
Tyler Herro,Tyler Herro_58,3,3.0,19.0,23.0,0.21052631578947367
Tyler Herro,Tyler Herro_63,2,2.0,15.0,20.0,0.3333333333333333
Tyler Herro,Tyler Herro_66,1,1.0,11.0,19.0,0.7272727272727273
Tyrese Haliburton,Tyrese Haliburton_0,6,6.0,14.333333333333334,16.0,0.11627906976744182
Tyrese Haliburton,Tyrese Haliburton_8,1,1.0,11.0,18.0,0.6363636363636364
Tyrese Haliburton,Tyrese Haliburton_10,1,1.0,14.0,14.0,0.0
Tyrese Haliburton,Tyrese Haliburton_13,2,2.0,12.5,14.0,0.12
Tyrese Haliburton,Tyrese Haliburton_20,1,1.0,10.0,16.0,0.6
Tyrese Haliburton,Tyrese Haliburton_24,1,1.0,10.0,23.0,1.3
Tyrese Haliburton,Tyrese Haliburton_30,1,1.0,6.0,13.0,1.1666666666666667
Tyrese Haliburton,Tyrese Haliburton_33,1,1.0,13.0,21.0,0.6153846153846154
Tyrese Haliburton,Tyrese Haliburton_39,3,3.0,10.333333333333334,11.0,0.06451612903225801
Tyrese Haliburton,Tyrese Haliburton_47,2,2.0,8.0,15.0,0.875
Tyrese Haliburton,Tyrese Haliburton_60,1,1.0,13.0,16.0,0.23076923076923078
Tyrese Haliburton,Tyrese Haliburton_64,1,1.0,16.0,15.0,-0.0625
Tyrese Haliburton,Tyrese Haliburton_70,1,1.0,8.0,11.0,0.375
Tyrese Maxey,Tyrese Maxey_0,5,5.0,26.0,22.0,-0.15384615384615385
Tyrese Maxey,Tyrese Maxey_13,3,3.0,19.333333333333332,15.0,-0.2241379310344827
Tyrese Maxey,Tyrese Maxey_25,1,1.0,13.0,12.0,-0.07692307692307693
Tyrese Maxey,Tyrese Maxey_28,1,1.0,27.0,20.0,-0.25925925925925924
Tyrese Maxey,Tyrese Maxey_31,2,2.0,27.5,28.0,0.01818181818181818
Tyrese Maxey,Tyrese Maxey_45,1,1.0,9.0,10.0,0.1111111111111111
Tyus Jones,Tyus Jones_3,2,2.0,8.0,10.0,0.25
Tyus Jones,Tyus Jones_6,2,2.0,6.0,13.0,1.1666666666666667
Tyus Jones,Tyus Jones_11,6,6.0,11.5,6.0,-0.4782608695652174
Tyus Jones,Tyus Jones_25,1,1.0,10.0,8.0,-0.2
Tyus Jones,Tyus Jones_29,2,2.0,8.0,15.0,0.875
Tyus Jones,Tyus Jones_32,2,2.0,6.5,12.0,0.8461538461538461
Tyus Jones,Tyus Jones_35,2,2.0,4.5,5.0,0.1111111111111111
Tyus Jones,Tyus Jones_44,13,13.0,7.923076923076923,7.0,-0.11650485436893207
Tyus Jones,Tyus Jones_58,1,1.0,11.0,4.0,-0.6363636363636364
Tyus Jones,Tyus Jones_61,2,2.0,5.5,9.0,0.6363636363636364
Tyus Jones,Tyus Jones_68,1,1.0,7.0,11.0,0.5714285714285714
Tyus Jones,Tyus Jones_73,1,1.0,9.0,8.0,-0.1111111111111111
Tyus Jones,Tyus Jones_76,2,2.0,5.0,8.0,0.6
Tyus Jones,Tyus Jones_79,1,1.0,8.0,13.0,0.625
Victor Wembanyama,Victor Wembanyama_0,1,1.0,18.0,17.0,-0.05555555555555555
Victor Wembanyama,Victor Wembanyama_2,2,2.0,9.5,20.0,1.105263157894737
Victor Wembanyama,Victor Wembanyama_5,4,4.0,16.0,15.0,-0.0625
Victor Wembanyama,Victor Wembanyama_15,1,1.0,20.0,17.0,-0.15
Victor Wembanyama,Victor Wembanyama_17,1,1.0,18.0,16.0,-0.1111111111111111
Victor Wembanyama,Victor Wembanyama_20,1,1.0,20.0,24.0,0.2
Victor Wembanyama,Victor Wembanyama_26,1,1.0,30.0,18.0,-0.4
Victor Wembanyama,Victor Wembanyama_29,3,3.0,17.0,17.0,0.0
Victor Wembanyama,Victor Wembanyama_33,3,3.0,18.666666666666668,21.0,0.12499999999999993
Victor Wembanyama,Victor Wembanyama_42,1,1.0,20.0,11.0,-0.45
Zaccharie Risacher,Zaccharie Risacher_0,8,8.0,10.625,18.0,0.6941176470588235
Zaccharie Risacher,Zaccharie Risacher_9,4,4.0,11.5,6.0,-0.4782608695652174
Zaccharie Risacher,Zaccharie Risacher_17,1,1.0,8.0,10.0,0.25
Zaccharie Risacher,Zaccharie Risacher_24,8,8.0,8.875,8.0,-0.09859154929577464
Zaccharie Risacher,Zaccharie Risacher_34,6,6.0,9.166666666666666,14.0,0.5272727272727273
Zaccharie Risacher,Zaccharie Risacher_43,1,1.0,8.0,10.0,0.25
Zaccharie Risacher,Zaccharie Risacher_48,1,1.0,15.0,10.0,-0.3333333333333333
Zaccharie Risacher,Zaccharie Risacher_50,1,1.0,8.0,6.0,-0.25
Zaccharie Risacher,Zaccharie Risacher_54,1,1.0,10.0,9.0,-0.1
Zaccharie Risacher,Zaccharie Risacher_56,1,1.0,7.0,16.0,1.2857142857142858
Zaccharie Risacher,Zaccharie Risacher_65,1,1.0,5.0,21.0,3.2
Zaccharie Risacher,Zaccharie Risacher_67,2,2.0,12.5,10.0,-0.2
Zach LaVine,Zach LaVine_4,1,1.0,9.0,17.0,0.8888888888888888
Zach LaVine,Zach LaVine_9,1,1.0,16.0,9.0,-0.4375
Zach LaVine,Zach LaVine_16,1,1.0,9.0,22.0,1.4444444444444444
Zach LaVine,Zach LaVine_19,1,1.0,11.0,22.0,1.0
Zach LaVine,Zach LaVine_22,1,1.0,11.0,19.0,0.7272727272727273
Zach LaVine,Zach LaVine_25,1,1.0,13.0,25.0,0.9230769230769231
Zach LaVine,Zach LaVine_27,1,1.0,12.0,20.0,0.6666666666666666
Zach LaVine,Zach LaVine_34,4,4.0,17.75,21.0,0.18309859154929578
Zach LaVine,Zach LaVine_40,1,1.0,20.0,13.0,-0.35
Zach LaVine,Zach LaVine_42,2,2.0,16.0,14.0,-0.125
Zach LaVine,Zach LaVine_45,1,1.0,18.0,14.0,-0.2222222222222222
Zach LaVine,Zach LaVine_48,1,1.0,12.0,19.0,0.5833333333333334
Zach LaVine,Zach LaVine_53,1,1.0,16.0,22.0,0.375
Zach LaVine,Zach LaVine_60,4,4.0,14.5,18.0,0.2413793103448276
Zach LaVine,Zach LaVine_65,1,1.0,8.0,15.0,0.875
Zach LaVine,Zach LaVine_67,1,1.0,13.0,19.0,0.46153846153846156
Zach LaVine,Zach LaVine_72,1,1.0,23.0,11.0,-0.5217391304347826
